dataset,case_id,method,future_step,lpips,ssim,psnr_db,mae
LIBERO-90,L011,full_history,1,0.0462149,0.9355732,27.4275322,0.0185516
LIBERO-90,L011,full_history,2,0.05237,0.9162784,25.2277546,0.0219988
LIBERO-90,L011,full_history,3,0.0594708,0.9154403,24.8736553,0.0226858
LIBERO-90,L011,full_history,4,0.0674436,0.8991451,23.1881886,0.0263516
LIBERO-90,L011,full_history,5,0.0732216,0.8860336,21.6508408,0.0300866
LIBERO-90,L011,full_history,6,0.0825193,0.8781717,20.5794525,0.0334084
LIBERO-90,L011,full_history,7,0.0914888,0.8724711,19.736145,0.036534
LIBERO-90,L011,full_history,8,0.095859,0.8674214,19.132103,0.0392161
LIBERO-90,L011,full_history,9,0.1013049,0.8654493,18.6860504,0.0412687
LIBERO-90,L011,full_history,10,0.1062754,0.864437,18.2806225,0.0417087
LIBERO-90,L011,full_history,11,0.1094649,0.8606528,18.0243855,0.041483
LIBERO-90,L011,full_history,12,0.1125776,0.8547766,17.8146286,0.0429995
LIBERO-90,L011,full_history,13,0.1187317,0.8524739,17.6810799,0.0446053
LIBERO-90,L011,full_history,14,0.1255676,0.8497607,17.6415596,0.0479686
LIBERO-90,L011,full_history,15,0.1306489,0.8441568,17.5859165,0.0533045
LIBERO-90,L011,full_history,16,0.1393226,0.8328694,17.3547249,0.0584344
LIBERO-90,L011,full_history,17,0.1453126,0.8224547,17.1938972,0.0620502
LIBERO-90,L011,full_history,18,0.1532957,0.8150632,16.9759636,0.0669058
LIBERO-90,L011,full_history,19,0.1610503,0.8089271,16.6874847,0.0720804
LIBERO-90,L011,full_history,20,0.1655713,0.8025909,16.5609589,0.0753601
LIBERO-90,L011,full_history,21,0.1713108,0.7946209,16.2592754,0.0816334
LIBERO-90,L011,full_history,22,0.1813103,0.7915549,16.1389198,0.0838751
LIBERO-90,L011,full_history,23,0.1898897,0.7805606,15.8843479,0.0904386
LIBERO-90,L011,full_history,24,0.2008154,0.7682905,15.50247,0.0977892
LIBERO-90,L011,full_history,25,0.2128508,0.7530235,15.0186901,0.1084488
LIBERO-90,L011,full_history,26,0.2252125,0.7428492,14.7039328,0.1167968
LIBERO-90,L011,full_history,27,0.2306796,0.737868,14.419383,0.1211653
LIBERO-90,L011,full_history,28,0.2308606,0.7352833,14.4632778,0.1207087
LIBERO-90,L011,full_history,29,0.2153189,0.755653,14.9488621,0.1117424
LIBERO-90,L011,full_history,30,0.2123809,0.7571249,15.0096998,0.1091701
LIBERO-90,L011,full_history,31,0.213754,0.7556344,14.9327574,0.1093426
LIBERO-90,L011,full_history,32,0.2163372,0.7565568,14.8680487,0.1078489
LIBERO-90,L011,full_history,33,0.2178747,0.7579198,14.8974495,0.1065075
LIBERO-90,L011,full_history,34,0.2181344,0.7589545,14.9328852,0.1065757
LIBERO-90,L011,full_history,35,0.221023,0.7574755,14.8901443,0.108339
LIBERO-90,L011,full_history,36,0.2193136,0.7585893,14.8052578,0.1107773
LIBERO-90,L011,full_history,37,0.212693,0.7642128,14.7702608,0.1112719
LIBERO-90,L011,full_history,38,0.2183639,0.7610246,14.7551384,0.1118274
LIBERO-90,L011,full_history,39,0.2218397,0.7600125,14.7518082,0.1126942
LIBERO-90,L011,full_history,40,0.2223008,0.7592763,14.7015991,0.11262
LIBERO-90,L011,full_history,41,0.2267118,0.7558914,14.5668831,0.1143932
LIBERO-90,L011,full_history,42,0.226272,0.7567755,14.6327229,0.1135124
LIBERO-90,L011,full_history,43,0.2249185,0.7613179,14.578023,0.1144855
LIBERO-90,L011,full_history,44,0.2350708,0.7545518,14.6872444,0.1113046
LIBERO-90,L011,full_history,45,0.2378712,0.7499462,14.6997108,0.110003
LIBERO-90,L011,full_history,46,0.2407711,0.7498817,14.743948,0.108222
LIBERO-90,L011,full_history,47,0.2430304,0.7402118,14.4721584,0.1102193
LIBERO-90,L011,full_history,48,0.2441011,0.7377942,14.4869728,0.1098124
LIBERO-90,L011,full_history,49,0.2462258,0.7377512,14.6073771,0.108936
LIBERO-90,L011,full_history,50,0.2457517,0.7384267,14.628314,0.1077926
LIBERO-90,L011,full_history,51,0.245867,0.7383386,14.595027,0.1069506
LIBERO-90,L011,full_history,52,0.2466456,0.736773,14.5314693,0.1072838
LIBERO-90,L011,full_history,53,0.2471246,0.7365977,14.5403748,0.1073856
LIBERO-90,L011,full_history,54,0.2465186,0.7383909,14.571332,0.1066162
LIBERO-90,L011,full_history,55,0.2470465,0.7383338,14.5783186,0.1070437
LIBERO-90,L011,full_history,56,0.2463029,0.7380896,14.4907799,0.1077142
LIBERO-90,L011,full_history,57,0.2449154,0.7389315,14.4386721,0.1087868
LIBERO-90,L011,full_history,58,0.2433171,0.7401812,14.4417105,0.1084505
LIBERO-90,L011,full_history,59,0.2425862,0.7403207,14.419363,0.1082698
LIBERO-90,L011,full_history,60,0.2443403,0.7373108,14.3799601,0.1105282
LIBERO-90,L011,full_history,61,0.2445217,0.7345834,14.3193235,0.111841
LIBERO-90,L011,full_history,62,0.2450919,0.7351555,14.3670034,0.1099154
LIBERO-90,L011,full_history,63,0.2465754,0.7304718,14.3407717,0.1110744
LIBERO-90,L011,full_history,64,0.2574731,0.7277412,14.3430882,0.1113798
LIBERO-90,L011,recap,1,0.046616,0.9347784,27.3684864,0.0184221
LIBERO-90,L011,recap,2,0.0526445,0.9159441,25.2000275,0.0219426
LIBERO-90,L011,recap,3,0.0593247,0.9160599,24.9816322,0.0224103
LIBERO-90,L011,recap,4,0.0632421,0.9106073,24.5410957,0.0233578
LIBERO-90,L011,recap,5,0.0641525,0.9017642,23.8181572,0.0246425
LIBERO-90,L011,recap,6,0.068829,0.8984585,23.5947247,0.0252235
LIBERO-90,L011,recap,7,0.0726429,0.8987958,23.1993084,0.026251
LIBERO-90,L011,recap,8,0.071983,0.8990219,23.0672302,0.0264362
LIBERO-90,L011,recap,9,0.0759349,0.8918383,22.0757179,0.0288297
LIBERO-90,L011,recap,10,0.0851622,0.882684,21.0103569,0.0320115
LIBERO-90,L011,recap,11,0.0898689,0.8761616,20.2250023,0.0347277
LIBERO-90,L011,recap,12,0.0950309,0.8682743,19.5204506,0.0374
LIBERO-90,L011,recap,13,0.1030696,0.8627548,18.9892139,0.0396764
LIBERO-90,L011,recap,14,0.1096325,0.8593439,18.632185,0.0413836
LIBERO-90,L011,recap,15,0.1150465,0.8555687,18.3752403,0.0429746
LIBERO-90,L011,recap,16,0.1221763,0.8486513,18.0862713,0.0448279
LIBERO-90,L011,recap,17,0.128789,0.8433842,17.8643208,0.0464048
LIBERO-90,L011,recap,18,0.1353328,0.8402468,17.6640968,0.0479154
LIBERO-90,L011,recap,19,0.1418087,0.8384821,17.4876041,0.0493122
LIBERO-90,L011,recap,20,0.1468416,0.8357755,17.3749256,0.0505472
LIBERO-90,L011,recap,21,0.1498405,0.8328021,17.2240276,0.0519739
LIBERO-90,L011,recap,22,0.154547,0.8302407,17.0763302,0.0532264
LIBERO-90,L011,recap,23,0.1596873,0.8288563,16.9193878,0.0545147
LIBERO-90,L011,recap,24,0.1667466,0.822277,16.6984615,0.0562813
LIBERO-90,L011,recap,25,0.1718346,0.8184969,16.4896774,0.0580943
LIBERO-90,L011,recap,26,0.1745496,0.8154628,16.3240318,0.0598501
LIBERO-90,L011,recap,27,0.1796857,0.8110052,16.1225624,0.0620789
LIBERO-90,L011,recap,28,0.1827049,0.8071842,15.9649506,0.0639501
LIBERO-90,L011,recap,29,0.1873424,0.8032311,15.7973957,0.0661063
LIBERO-90,L011,recap,30,0.1901234,0.7988011,15.6306219,0.0680357
LIBERO-90,L011,recap,31,0.1931521,0.7959517,15.4672718,0.0699858
LIBERO-90,L011,recap,32,0.1964182,0.7928364,15.3357887,0.0715769
LIBERO-90,L011,recap,33,0.1987033,0.7903178,15.2236185,0.07293
LIBERO-90,L011,recap,34,0.2003062,0.7880852,15.1054935,0.07441
LIBERO-90,L011,recap,35,0.2027298,0.7857339,15.027113,0.0754388
LIBERO-90,L011,recap,36,0.2037352,0.7826667,14.9762392,0.0763054
LIBERO-90,L011,recap,37,0.2064847,0.7806137,14.9147453,0.0773142
LIBERO-90,L011,recap,38,0.2127304,0.7787577,14.8739777,0.0780232
LIBERO-90,L011,recap,39,0.2159692,0.7760877,14.818428,0.0787977
LIBERO-90,L011,recap,40,0.2184991,0.7740083,14.7723475,0.0794051
LIBERO-90,L011,recap,41,0.221966,0.7727258,14.7004871,0.0800638
LIBERO-90,L011,recap,42,0.222064,0.7711512,14.6367207,0.0807983
LIBERO-90,L011,recap,43,0.2255881,0.7704233,14.6022978,0.0812188
LIBERO-90,L011,recap,44,0.2265334,0.7702363,14.5867977,0.0815221
LIBERO-90,L011,recap,45,0.2298974,0.7698801,14.5207424,0.0822065
LIBERO-90,L011,recap,46,0.2313488,0.7694105,14.4606247,0.083157
LIBERO-90,L011,recap,47,0.2318482,0.7684123,14.3974886,0.0839863
LIBERO-90,L011,recap,48,0.2330024,0.7666579,14.3376083,0.0847547
LIBERO-90,L011,recap,49,0.2347194,0.7648981,14.3023777,0.0852223
LIBERO-90,L011,recap,50,0.2347256,0.7637169,14.253768,0.0858826
LIBERO-90,L011,recap,51,0.2362683,0.7629452,14.2422199,0.0861122
LIBERO-90,L011,recap,52,0.2365057,0.7622437,14.201108,0.0865058
LIBERO-90,L011,recap,53,0.2367465,0.7619434,14.2039623,0.0865608
LIBERO-90,L011,recap,54,0.2365644,0.7618937,14.194232,0.0867574
LIBERO-90,L011,recap,55,0.2370943,0.761983,14.1903267,0.0867372
LIBERO-90,L011,recap,56,0.2357616,0.7622836,14.1984711,0.0866284
LIBERO-90,L011,recap,57,0.234759,0.7636847,14.2302179,0.0862155
LIBERO-90,L011,recap,58,0.2335385,0.7658923,14.267169,0.0858216
LIBERO-90,L011,recap,59,0.2319586,0.7682868,14.3402042,0.0851375
LIBERO-90,L011,recap,60,0.2332651,0.7679211,14.3158035,0.0855843
LIBERO-90,L011,recap,61,0.2315194,0.7673534,14.29105,0.0859574
LIBERO-90,L011,recap,62,0.2319505,0.7668653,14.278513,0.0860784
LIBERO-90,L011,recap,63,0.2303988,0.7645315,14.2744532,0.0864005
LIBERO-90,L011,recap,64,0.2304658,0.7641225,14.2611771,0.0868219
LIBERO-90,L012,full_history,1,0.0471308,0.9355415,26.711544,0.017202
LIBERO-90,L012,full_history,2,0.0538336,0.9238679,26.4596844,0.0180256
LIBERO-90,L012,full_history,3,0.05509,0.9146332,25.3202057,0.0194478
LIBERO-90,L012,full_history,4,0.0581299,0.9177794,25.5507069,0.018978
LIBERO-90,L012,full_history,5,0.0588407,0.9184152,25.3358841,0.0198599
LIBERO-90,L012,full_history,6,0.0623067,0.9078423,24.5435619,0.0217915
LIBERO-90,L012,full_history,7,0.0680652,0.9044824,24.1847897,0.0228532
LIBERO-90,L012,full_history,8,0.0736981,0.9010987,23.0554676,0.0255392
LIBERO-90,L012,full_history,9,0.080475,0.8887446,21.6919746,0.0286855
LIBERO-90,L012,full_history,10,0.0878354,0.8789587,20.1216545,0.031904
LIBERO-90,L012,full_history,11,0.0995821,0.8714961,18.98382,0.0358212
LIBERO-90,L012,full_history,12,0.1074285,0.8642753,18.1773949,0.0395401
LIBERO-90,L012,full_history,13,0.1165282,0.8624563,17.7854748,0.0418714
LIBERO-90,L012,full_history,14,0.1225846,0.8528794,17.4951286,0.0443989
LIBERO-90,L012,full_history,15,0.1291376,0.8430737,17.3978577,0.0517275
LIBERO-90,L012,full_history,16,0.1345865,0.8352161,17.1757317,0.0571361
LIBERO-90,L012,full_history,17,0.1444378,0.8264973,16.8510323,0.0644334
LIBERO-90,L012,full_history,18,0.1490927,0.8172871,16.7045727,0.0691833
LIBERO-90,L012,full_history,19,0.1560858,0.8085335,16.849947,0.0721641
LIBERO-90,L012,full_history,20,0.1646996,0.8053938,16.7403564,0.0753994
LIBERO-90,L012,full_history,21,0.1700435,0.7991224,16.3543434,0.0793395
LIBERO-90,L012,full_history,22,0.1750783,0.7886232,16.2247124,0.0828335
LIBERO-90,L012,full_history,23,0.1818083,0.783406,15.8449316,0.0895616
LIBERO-90,L012,full_history,24,0.1928608,0.7736763,15.3718996,0.0980727
LIBERO-90,L012,full_history,25,0.1991277,0.7673396,15.2086201,0.1022056
LIBERO-90,L012,full_history,26,0.2049105,0.7598125,14.9360352,0.1074846
LIBERO-90,L012,full_history,27,0.2086908,0.757248,14.8462591,0.1106553
LIBERO-90,L012,full_history,28,0.2088705,0.7590046,14.8583241,0.111197
LIBERO-90,L012,full_history,29,0.197156,0.7736665,15.3441181,0.0997303
LIBERO-90,L012,full_history,30,0.1982065,0.7715794,15.2745628,0.0987101
LIBERO-90,L012,full_history,31,0.2002985,0.7648672,15.1540575,0.0990829
LIBERO-90,L012,full_history,32,0.2012184,0.7684447,15.1152859,0.0993961
LIBERO-90,L012,full_history,33,0.2029477,0.7667314,15.2054844,0.0985069
LIBERO-90,L012,full_history,34,0.2055255,0.7671223,15.2537165,0.0977945
LIBERO-90,L012,full_history,35,0.2059875,0.7693906,15.2463903,0.0983653
LIBERO-90,L012,full_history,36,0.2087053,0.7739475,15.1984272,0.10057
LIBERO-90,L012,full_history,37,0.2101146,0.7749515,15.2223701,0.0993535
LIBERO-90,L012,full_history,38,0.2128676,0.7728029,15.1095219,0.1000176
LIBERO-90,L012,full_history,39,0.2153304,0.768055,15.0215101,0.1007493
LIBERO-90,L012,full_history,40,0.2154783,0.7662482,14.9937325,0.1004778
LIBERO-90,L012,full_history,41,0.2166354,0.7598129,14.8571072,0.1022466
LIBERO-90,L012,full_history,42,0.2177984,0.7583168,14.8241386,0.1025916
LIBERO-90,L012,full_history,43,0.2188169,0.7590663,14.8380566,0.1037969
LIBERO-90,L012,full_history,44,0.2217098,0.75625,14.8709116,0.104939
LIBERO-90,L012,full_history,45,0.2238318,0.7550025,14.9339695,0.1032473
LIBERO-90,L012,full_history,46,0.2239265,0.7548851,15.0177898,0.1000631
LIBERO-90,L012,full_history,47,0.2271132,0.7517013,14.9865427,0.0984759
LIBERO-90,L012,full_history,48,0.2286144,0.7509581,15.1137552,0.0974501
LIBERO-90,L012,full_history,49,0.2278662,0.7525977,15.0758734,0.0974796
LIBERO-90,L012,full_history,50,0.2272309,0.7523949,15.1063576,0.0972841
LIBERO-90,L012,full_history,51,0.2261948,0.7537028,15.1846714,0.0959935
LIBERO-90,L012,full_history,52,0.2261852,0.7532855,15.196064,0.0955116
LIBERO-90,L012,full_history,53,0.2245198,0.7539381,15.2053757,0.0947352
LIBERO-90,L012,full_history,54,0.2242556,0.7533075,15.3063107,0.0937453
LIBERO-90,L012,full_history,55,0.2234491,0.7542545,15.3045807,0.0931028
LIBERO-90,L012,full_history,56,0.2227331,0.7535225,15.2414246,0.0936429
LIBERO-90,L012,full_history,57,0.2251976,0.7500759,15.0897713,0.0965542
LIBERO-90,L012,full_history,58,0.2260175,0.7463247,14.9507151,0.0971078
LIBERO-90,L012,full_history,59,0.2283322,0.7411551,14.7637577,0.0994278
LIBERO-90,L012,full_history,60,0.2300334,0.7372609,14.6903467,0.0992687
LIBERO-90,L012,full_history,61,0.2300832,0.7367239,14.6108189,0.0998335
LIBERO-90,L012,full_history,62,0.2282725,0.7360759,14.5483608,0.1003891
LIBERO-90,L012,full_history,63,0.2400431,0.7321831,14.4836197,0.1031693
LIBERO-90,L012,full_history,64,0.2382704,0.7372099,14.7357082,0.1000904
LIBERO-90,L012,recap,1,0.0471462,0.9348786,26.6318207,0.0170731
LIBERO-90,L012,recap,2,0.0543588,0.9228325,26.3030167,0.0182676
LIBERO-90,L012,recap,3,0.0553548,0.9137586,25.3939915,0.0192811
LIBERO-90,L012,recap,4,0.057651,0.9215614,25.6998825,0.0189251
LIBERO-90,L012,recap,5,0.0586196,0.9202788,25.6813221,0.019273
LIBERO-90,L012,recap,6,0.0643763,0.9057311,24.3776493,0.0220277
LIBERO-90,L012,recap,7,0.0685513,0.9039876,24.1725883,0.0229466
LIBERO-90,L012,recap,8,0.0700808,0.9046561,23.4409485,0.0241663
LIBERO-90,L012,recap,9,0.0780192,0.894254,22.3528461,0.0268443
LIBERO-90,L012,recap,10,0.0841896,0.8857596,20.6330223,0.0315979
LIBERO-90,L012,recap,11,0.0943705,0.8774012,19.3736496,0.0361291
LIBERO-90,L012,recap,12,0.1014607,0.8683147,18.4389153,0.0400168
LIBERO-90,L012,recap,13,0.1097285,0.8622007,17.9428082,0.0427886
LIBERO-90,L012,recap,14,0.1169244,0.8517735,17.5319271,0.0454999
LIBERO-90,L012,recap,15,0.1226914,0.8438632,17.1940536,0.047837
LIBERO-90,L012,recap,16,0.1274562,0.8412616,17.0373726,0.0492605
LIBERO-90,L012,recap,17,0.1337623,0.8387071,16.8816109,0.0506734
LIBERO-90,L012,recap,18,0.1359477,0.8369713,16.7546539,0.0518702
LIBERO-90,L012,recap,19,0.1400189,0.8341218,16.647459,0.0529201
LIBERO-90,L012,recap,20,0.1453255,0.8308534,16.4847031,0.0545397
LIBERO-90,L012,recap,21,0.1496562,0.8283895,16.3127022,0.0561873
LIBERO-90,L012,recap,22,0.1535838,0.8254225,16.1447792,0.0578714
LIBERO-90,L012,recap,23,0.157227,0.8240618,16.0014801,0.0593099
LIBERO-90,L012,recap,24,0.1603867,0.8216423,15.853157,0.0608896
LIBERO-90,L012,recap,25,0.1629873,0.8185252,15.7142735,0.0622672
LIBERO-90,L012,recap,26,0.1667766,0.8151342,15.5870304,0.0633724
LIBERO-90,L012,recap,27,0.169878,0.8123559,15.4882574,0.064197
LIBERO-90,L012,recap,28,0.1717466,0.8120148,15.4179907,0.0648829
LIBERO-90,L012,recap,29,0.1747103,0.8114512,15.3607121,0.0656051
LIBERO-90,L012,recap,30,0.177801,0.8084728,15.2972717,0.0664589
LIBERO-90,L012,recap,31,0.1807912,0.806614,15.2369699,0.0673016
LIBERO-90,L012,recap,32,0.1829579,0.8054232,15.1744137,0.0682429
LIBERO-90,L012,recap,33,0.1857383,0.8025337,15.1252499,0.069031
LIBERO-90,L012,recap,34,0.1886909,0.7993311,15.0688982,0.0698514
LIBERO-90,L012,recap,35,0.1903616,0.7982461,15.0168591,0.0704258
LIBERO-90,L012,recap,36,0.1945403,0.7969139,14.9502926,0.0711181
LIBERO-90,L012,recap,37,0.197696,0.7937529,14.8927317,0.0718124
LIBERO-90,L012,recap,38,0.2003757,0.790552,14.8446579,0.0722963
LIBERO-90,L012,recap,39,0.2031794,0.7898385,14.7952652,0.0729656
LIBERO-90,L012,recap,40,0.2032529,0.7897112,14.7830181,0.0733816
LIBERO-90,L012,recap,41,0.2044344,0.7873919,14.7560349,0.0738962
LIBERO-90,L012,recap,42,0.2056152,0.7862727,14.7386017,0.0743957
LIBERO-90,L012,recap,43,0.2059067,0.7850769,14.7490778,0.0745015
LIBERO-90,L012,recap,44,0.2076069,0.7846745,14.7600832,0.0746011
LIBERO-90,L012,recap,45,0.2097286,0.7847378,14.7585678,0.0747169
LIBERO-90,L012,recap,46,0.2106649,0.7845238,14.7471771,0.074946
LIBERO-90,L012,recap,47,0.2134091,0.7845113,14.7307396,0.0751072
LIBERO-90,L012,recap,48,0.2152353,0.7850742,14.7189693,0.0753514
LIBERO-90,L012,recap,49,0.2154536,0.7852267,14.7245789,0.0752128
LIBERO-90,L012,recap,50,0.2137859,0.7847634,14.7287321,0.0751212
LIBERO-90,L012,recap,51,0.212632,0.7851787,14.7342148,0.0749257
LIBERO-90,L012,recap,52,0.2125201,0.7857637,14.7410679,0.074817
LIBERO-90,L012,recap,53,0.2121971,0.7858719,14.7431087,0.0747318
LIBERO-90,L012,recap,54,0.2107486,0.7860875,14.74757,0.0745633
LIBERO-90,L012,recap,55,0.2102311,0.7866119,14.7368832,0.0744923
LIBERO-90,L012,recap,56,0.2100615,0.7862645,14.6625748,0.0750548
LIBERO-90,L012,recap,57,0.210309,0.7855413,14.6174088,0.0754648
LIBERO-90,L012,recap,58,0.2096285,0.7836733,14.6510201,0.0758973
LIBERO-90,L012,recap,59,0.211967,0.7804761,14.5881119,0.0770839
LIBERO-90,L012,recap,60,0.2120419,0.779857,14.6025791,0.0768172
LIBERO-90,L012,recap,61,0.2131305,0.7790281,14.5501137,0.0770779
LIBERO-90,L012,recap,62,0.2113541,0.7791438,14.5226517,0.0766041
LIBERO-90,L012,recap,63,0.2150036,0.7763572,14.3972206,0.0785884
LIBERO-90,L012,recap,64,0.2153631,0.7766042,14.361619,0.0786745
LIBERO-90,L021,full_history,1,0.0500902,0.9412706,28.2783222,0.0139089
LIBERO-90,L021,full_history,2,0.0557847,0.9323326,25.702282,0.0179931
LIBERO-90,L021,full_history,3,0.0670012,0.9093661,23.5562153,0.0221577
LIBERO-90,L021,full_history,4,0.0678308,0.9061399,23.5102234,0.022836
LIBERO-90,L021,full_history,5,0.0755914,0.8980642,22.4210472,0.0254075
LIBERO-90,L021,full_history,6,0.0852601,0.8852078,21.6166039,0.0287368
LIBERO-90,L021,full_history,7,0.089872,0.8890842,21.3845978,0.0301664
LIBERO-90,L021,full_history,8,0.0998625,0.878624,20.7125053,0.0319536
LIBERO-90,L021,full_history,9,0.1032844,0.8789077,20.6693478,0.0315291
LIBERO-90,L021,full_history,10,0.1077169,0.8721235,20.3463268,0.0323319
LIBERO-90,L021,full_history,11,0.1081814,0.8700665,20.1054192,0.0332045
LIBERO-90,L021,full_history,12,0.1136264,0.8671728,19.9411755,0.0353201
LIBERO-90,L021,full_history,13,0.1186404,0.86431,19.8432178,0.0372642
LIBERO-90,L021,full_history,14,0.1299783,0.8619881,19.6793232,0.0395298
LIBERO-90,L021,full_history,15,0.1467251,0.8544359,19.0447826,0.0436733
LIBERO-90,L021,full_history,16,0.1631223,0.8323662,18.4170475,0.0515655
LIBERO-90,L021,full_history,17,0.1765538,0.8170225,17.6536694,0.060258
LIBERO-90,L021,full_history,18,0.1838822,0.8098261,17.1810951,0.0654698
LIBERO-90,L021,full_history,19,0.19029,0.7940323,16.5279331,0.072852
LIBERO-90,L021,full_history,20,0.1963027,0.7877741,16.1101513,0.078271
LIBERO-90,L021,full_history,21,0.199299,0.789618,15.7487888,0.0816409
LIBERO-90,L021,full_history,22,0.206492,0.7821094,15.2011728,0.0891913
LIBERO-90,L021,full_history,23,0.2118671,0.7819584,15.2692404,0.0908777
LIBERO-90,L021,full_history,24,0.2206012,0.7767935,15.0584698,0.094816
LIBERO-90,L021,full_history,25,0.2228987,0.7759045,15.2174101,0.0958033
LIBERO-90,L021,full_history,26,0.2286647,0.768441,15.2545652,0.0981982
LIBERO-90,L021,full_history,27,0.2335478,0.7634895,15.0631409,0.1026419
LIBERO-90,L021,full_history,28,0.2314626,0.7674968,15.2368364,0.1014039
LIBERO-90,L021,full_history,29,0.2277894,0.768199,15.3420181,0.0984853
LIBERO-90,L021,full_history,30,0.2266736,0.7735873,15.4801931,0.0958889
LIBERO-90,L021,full_history,31,0.2239724,0.7799132,15.4944611,0.0921188
LIBERO-90,L021,full_history,32,0.2299905,0.7749252,15.4327679,0.0938073
LIBERO-90,L021,full_history,33,0.234181,0.7718186,15.4114103,0.094374
LIBERO-90,L021,full_history,34,0.2367774,0.7699818,15.4233694,0.0946626
LIBERO-90,L021,full_history,35,0.2327975,0.7702415,15.5344372,0.0939721
LIBERO-90,L021,full_history,36,0.2305076,0.7682657,15.303833,0.0978499
LIBERO-90,L021,full_history,37,0.23529,0.7667115,15.3014011,0.0990691
LIBERO-90,L021,full_history,38,0.2346568,0.76614,15.3727064,0.0985624
LIBERO-90,L021,full_history,39,0.2395152,0.7642063,15.3925505,0.0969854
LIBERO-90,L021,full_history,40,0.2382126,0.7658696,15.4848061,0.0947525
LIBERO-90,L021,full_history,41,0.2421884,0.7601086,15.3152285,0.0986803
LIBERO-90,L021,full_history,42,0.2509333,0.7596833,15.3635502,0.0993171
LIBERO-90,L021,full_history,43,0.2493349,0.7624306,15.3359118,0.0989461
LIBERO-90,L021,full_history,44,0.2479129,0.7612263,15.391201,0.0971998
LIBERO-90,L021,full_history,45,0.2449608,0.7583026,15.3391161,0.0937764
LIBERO-90,L021,full_history,46,0.2386908,0.7653847,15.2891264,0.0896531
LIBERO-90,L021,full_history,47,0.2353704,0.7723607,15.2919159,0.0889484
LIBERO-90,L021,full_history,48,0.23683,0.767167,15.1649723,0.0891298
LIBERO-90,L021,full_history,49,0.2349682,0.7692347,15.0959396,0.0902118
LIBERO-90,L021,full_history,50,0.238575,0.7696832,14.9925594,0.0919635
LIBERO-90,L021,full_history,51,0.2393421,0.7677791,14.8514824,0.0939891
LIBERO-90,L021,full_history,52,0.2376565,0.7702145,14.7796936,0.0942661
LIBERO-90,L021,full_history,53,0.2402509,0.7655241,14.68964,0.0956479
LIBERO-90,L021,full_history,54,0.2411225,0.7594493,14.5579929,0.0971125
LIBERO-90,L021,full_history,55,0.2433324,0.757645,14.4571915,0.0976821
LIBERO-90,L021,full_history,56,0.2479177,0.7516846,14.2901688,0.1019889
LIBERO-90,L021,full_history,57,0.2604263,0.7370896,14.0217381,0.107208
LIBERO-90,L021,full_history,58,0.2625337,0.7316989,13.8683414,0.109226
LIBERO-90,L021,full_history,59,0.2681752,0.7239281,13.7479248,0.1099603
LIBERO-90,L021,full_history,60,0.270366,0.7207729,13.6740503,0.1122734
LIBERO-90,L021,full_history,61,0.2734453,0.7176447,13.5868874,0.1129425
LIBERO-90,L021,full_history,62,0.2821544,0.7079752,13.3853493,0.1159839
LIBERO-90,L021,full_history,63,0.2827248,0.7071821,13.3800936,0.115921
LIBERO-90,L021,full_history,64,0.2818352,0.7070221,13.4348879,0.1150774
LIBERO-90,L021,recap,1,0.0493707,0.9420136,28.6013107,0.0139201
LIBERO-90,L021,recap,2,0.056142,0.931769,25.7537651,0.0177997
LIBERO-90,L021,recap,3,0.0625602,0.9142726,24.9887886,0.0203009
LIBERO-90,L021,recap,4,0.0680499,0.9053618,23.54842,0.0227768
LIBERO-90,L021,recap,5,0.0723737,0.9021198,23.1971836,0.0237448
LIBERO-90,L021,recap,6,0.0820987,0.8887112,22.6016445,0.0262261
LIBERO-90,L021,recap,7,0.0888729,0.8909166,22.2139282,0.0281394
LIBERO-90,L021,recap,8,0.0959263,0.8772142,21.0936279,0.0306305
LIBERO-90,L021,recap,9,0.100814,0.8778969,20.9355507,0.0317953
LIBERO-90,L021,recap,10,0.1028824,0.8794524,20.8233185,0.0319679
LIBERO-90,L021,recap,11,0.1063421,0.8743663,20.2883167,0.0345529
LIBERO-90,L021,recap,12,0.11197,0.8739784,20.1542854,0.0358973
LIBERO-90,L021,recap,13,0.1167369,0.8745181,20.275177,0.0349618
LIBERO-90,L021,recap,14,0.1208502,0.8774961,20.2308693,0.0359474
LIBERO-90,L021,recap,15,0.125085,0.8751215,20.1097336,0.0367822
LIBERO-90,L021,recap,16,0.1287805,0.874736,19.5826893,0.0383439
LIBERO-90,L021,recap,17,0.1307257,0.8717316,19.1907291,0.0386813
LIBERO-90,L021,recap,18,0.1345517,0.8693095,18.9384594,0.0389845
LIBERO-90,L021,recap,19,0.1395143,0.8659707,18.3440285,0.0419451
LIBERO-90,L021,recap,20,0.1421612,0.8629267,18.1854515,0.0433539
LIBERO-90,L021,recap,21,0.1478664,0.8608931,18.0438213,0.0437905
LIBERO-90,L021,recap,22,0.1482795,0.8622367,18.0165558,0.0444784
LIBERO-90,L021,recap,23,0.1492957,0.8615452,17.8586197,0.0458464
LIBERO-90,L021,recap,24,0.1534131,0.8606215,17.7871437,0.0461242
LIBERO-90,L021,recap,25,0.1561593,0.853839,17.7974091,0.0466769
LIBERO-90,L021,recap,26,0.1601692,0.8519275,17.6291962,0.0470226
LIBERO-90,L021,recap,27,0.1613142,0.8499556,17.742403,0.0472985
LIBERO-90,L021,recap,28,0.1637171,0.8484211,17.550808,0.0496549
LIBERO-90,L021,recap,29,0.1666852,0.8431878,17.3468723,0.0513689
LIBERO-90,L021,recap,30,0.1710694,0.8402372,17.0122929,0.0537413
LIBERO-90,L021,recap,31,0.175157,0.8341924,16.8308964,0.0556262
LIBERO-90,L021,recap,32,0.1797336,0.8295686,16.553669,0.0574734
LIBERO-90,L021,recap,33,0.1850708,0.8260905,16.3905296,0.059468
LIBERO-90,L021,recap,34,0.1859218,0.8224444,16.2777939,0.0610372
LIBERO-90,L021,recap,35,0.1887285,0.8103701,16.199934,0.0632819
LIBERO-90,L021,recap,36,0.1916218,0.8043815,15.7394409,0.0691128
LIBERO-90,L021,recap,37,0.195445,0.7989941,15.6256905,0.0706237
LIBERO-90,L021,recap,38,0.1962483,0.7956716,15.6338024,0.0709248
LIBERO-90,L021,recap,39,0.1979025,0.7923897,15.5755186,0.0719089
LIBERO-90,L021,recap,40,0.1988666,0.7921617,15.608408,0.0719916
LIBERO-90,L021,recap,41,0.1989678,0.7943914,15.5847597,0.0721884
LIBERO-90,L021,recap,42,0.1996948,0.7967811,15.5855331,0.0725413
LIBERO-90,L021,recap,43,0.1999025,0.7968237,15.5245476,0.0732564
LIBERO-90,L021,recap,44,0.200974,0.7962655,15.513072,0.0737521
LIBERO-90,L021,recap,45,0.2007198,0.7950223,15.3844719,0.0749488
LIBERO-90,L021,recap,46,0.2034265,0.7943053,15.1715794,0.0772134
LIBERO-90,L021,recap,47,0.2038517,0.7932427,15.0469379,0.0795945
LIBERO-90,L021,recap,48,0.2070342,0.7869053,14.8080339,0.082597
LIBERO-90,L021,recap,49,0.2079937,0.7849121,14.6457014,0.0853378
LIBERO-90,L021,recap,50,0.2108507,0.7869828,14.5059948,0.0869724
LIBERO-90,L021,recap,51,0.2118756,0.7870898,14.3101416,0.0888597
LIBERO-90,L021,recap,52,0.2126848,0.7850903,14.1384869,0.0906699
LIBERO-90,L021,recap,53,0.2150674,0.7807451,13.9776077,0.0922848
LIBERO-90,L021,recap,54,0.2161288,0.7758833,13.8033943,0.0941908
LIBERO-90,L021,recap,55,0.2173426,0.773606,13.6805048,0.0955756
LIBERO-90,L021,recap,56,0.2191509,0.7733672,13.550436,0.0970865
LIBERO-90,L021,recap,57,0.2203572,0.7715874,13.4417429,0.0984751
LIBERO-90,L021,recap,58,0.2215867,0.7679794,13.3041821,0.1004129
LIBERO-90,L021,recap,59,0.2257572,0.7617472,13.1737137,0.1027319
LIBERO-90,L021,recap,60,0.2278512,0.7594933,13.0651512,0.1046645
LIBERO-90,L021,recap,61,0.228178,0.7570704,12.9942265,0.1061075
LIBERO-90,L021,recap,62,0.2280529,0.7560618,12.9766359,0.1063424
LIBERO-90,L021,recap,63,0.2287688,0.7555413,12.9786072,0.1062967
LIBERO-90,L021,recap,64,0.2288944,0.7548536,13.0225487,0.1057225
LIBERO-90,L022,full_history,1,0.0496919,0.9317575,26.7525101,0.0175195
LIBERO-90,L022,full_history,2,0.0536766,0.9292278,25.3092365,0.0190327
LIBERO-90,L022,full_history,3,0.0596284,0.9193529,24.5518894,0.0201079
LIBERO-90,L022,full_history,4,0.0656526,0.9087221,23.4107895,0.0218042
LIBERO-90,L022,full_history,5,0.0699591,0.9122238,22.7074051,0.0233699
LIBERO-90,L022,full_history,6,0.0702454,0.9060749,22.218853,0.0249511
LIBERO-90,L022,full_history,7,0.0739204,0.9035946,22.1206207,0.0262379
LIBERO-90,L022,full_history,8,0.0780958,0.901567,22.5710793,0.0250115
LIBERO-90,L022,full_history,9,0.0805229,0.9034531,22.6462727,0.0251136
LIBERO-90,L022,full_history,10,0.082443,0.8990918,22.3098183,0.0242179
LIBERO-90,L022,full_history,11,0.0881239,0.8936626,21.3633423,0.0261981
LIBERO-90,L022,full_history,12,0.0898997,0.8936728,21.2596302,0.0273348
LIBERO-90,L022,full_history,13,0.0956539,0.8957061,20.6735516,0.0295156
LIBERO-90,L022,full_history,14,0.1034478,0.8924676,20.2353077,0.0325064
LIBERO-90,L022,full_history,15,0.1207057,0.8699856,19.6895332,0.0408009
LIBERO-90,L022,full_history,16,0.1306228,0.8616461,18.9610271,0.0473179
LIBERO-90,L022,full_history,17,0.1440009,0.8428625,18.0767479,0.0570191
LIBERO-90,L022,full_history,18,0.1581805,0.8324387,17.8151379,0.0607995
LIBERO-90,L022,full_history,19,0.1705152,0.8178962,17.1907005,0.0665195
LIBERO-90,L022,full_history,20,0.1810409,0.8063645,16.5002098,0.0742773
LIBERO-90,L022,full_history,21,0.1850377,0.7997139,16.3180561,0.0775591
LIBERO-90,L022,full_history,22,0.1859707,0.7984788,16.3350697,0.0774432
LIBERO-90,L022,full_history,23,0.1904825,0.794661,16.5033264,0.0781576
LIBERO-90,L022,full_history,24,0.1960218,0.7870068,16.1914024,0.0830718
LIBERO-90,L022,full_history,25,0.2043263,0.7813067,16.0548248,0.0858271
LIBERO-90,L022,full_history,26,0.2157372,0.7776374,15.7651119,0.0926612
LIBERO-90,L022,full_history,27,0.2237605,0.7764069,15.6428909,0.0924329
LIBERO-90,L022,full_history,28,0.230287,0.7735142,15.5026836,0.0957795
LIBERO-90,L022,full_history,29,0.2254317,0.7758157,15.7989483,0.0885199
LIBERO-90,L022,full_history,30,0.2275292,0.7721729,16.1081352,0.0850702
LIBERO-90,L022,full_history,31,0.2309782,0.7746814,16.2434311,0.083083
LIBERO-90,L022,full_history,32,0.2437027,0.7655091,15.9348392,0.0890143
LIBERO-90,L022,full_history,33,0.2457586,0.7628688,15.8548145,0.0908456
LIBERO-90,L022,full_history,34,0.2485955,0.7615326,15.6803894,0.0914358
LIBERO-90,L022,full_history,35,0.2348569,0.7741742,16.0539036,0.0881134
LIBERO-90,L022,full_history,36,0.2280624,0.7789633,16.0684662,0.0883084
LIBERO-90,L022,full_history,37,0.2331026,0.7726372,15.7637482,0.0932468
LIBERO-90,L022,full_history,38,0.2325101,0.77301,15.6480408,0.0974678
LIBERO-90,L022,full_history,39,0.2317777,0.7698435,15.4784412,0.0985222
LIBERO-90,L022,full_history,40,0.2265606,0.7716835,15.5479136,0.0962315
LIBERO-90,L022,full_history,41,0.2243829,0.7738358,15.7031813,0.0951804
LIBERO-90,L022,full_history,42,0.2315432,0.7656279,15.4409676,0.0935577
LIBERO-90,L022,full_history,43,0.2310168,0.767174,15.5880966,0.0926833
LIBERO-90,L022,full_history,44,0.2201664,0.778531,15.884141,0.0867135
LIBERO-90,L022,full_history,45,0.2405232,0.758584,15.7742577,0.0893399
LIBERO-90,L022,full_history,46,0.2465018,0.7543563,15.6507797,0.08925
LIBERO-90,L022,full_history,47,0.2465464,0.7563372,15.7561064,0.0870574
LIBERO-90,L022,full_history,48,0.248224,0.7502546,15.6725121,0.0874022
LIBERO-90,L022,full_history,49,0.2498904,0.7511334,15.4376497,0.0873715
LIBERO-90,L022,full_history,50,0.2518205,0.7486597,15.120039,0.0891523
LIBERO-90,L022,full_history,51,0.2638312,0.7364298,14.6758795,0.0939279
LIBERO-90,L022,full_history,52,0.2627786,0.7351148,14.6315098,0.0935692
LIBERO-90,L022,full_history,53,0.2616259,0.7353265,14.5664425,0.0935381
LIBERO-90,L022,full_history,54,0.2629719,0.7292554,14.536643,0.0943924
LIBERO-90,L022,full_history,55,0.2694,0.7197425,14.2903852,0.0971789
LIBERO-90,L022,full_history,56,0.2706931,0.7147501,14.0253334,0.1003293
LIBERO-90,L022,full_history,57,0.2728518,0.7153456,13.6730423,0.1037606
LIBERO-90,L022,full_history,58,0.2748367,0.7139741,13.5861406,0.1062405
LIBERO-90,L022,full_history,59,0.2785369,0.7111007,13.4237947,0.1111683
LIBERO-90,L022,full_history,60,0.2752401,0.7113972,13.3452511,0.1122365
LIBERO-90,L022,full_history,61,0.2764247,0.7068059,13.2382488,0.1148991
LIBERO-90,L022,full_history,62,0.2708813,0.709279,13.3007622,0.1154875
LIBERO-90,L022,full_history,63,0.2725875,0.7051545,13.3556929,0.1147575
LIBERO-90,L022,full_history,64,0.271816,0.7071759,13.2935257,0.1140479
LIBERO-90,L022,recap,1,0.0496919,0.9317575,26.7525101,0.0175195
LIBERO-90,L022,recap,2,0.0536766,0.9292278,25.3092365,0.0190327
LIBERO-90,L022,recap,3,0.0596284,0.9193529,24.5518894,0.0201079
LIBERO-90,L022,recap,4,0.0656526,0.9087221,23.4107895,0.0218042
LIBERO-90,L022,recap,5,0.0699591,0.9122238,22.7074051,0.0233699
LIBERO-90,L022,recap,6,0.0702454,0.9060749,22.218853,0.0249511
LIBERO-90,L022,recap,7,0.0739204,0.9035946,22.1206207,0.0262379
LIBERO-90,L022,recap,8,0.0784723,0.900529,22.4971428,0.0253259
LIBERO-90,L022,recap,9,0.0804945,0.9040117,22.5661106,0.0254327
LIBERO-90,L022,recap,10,0.0860434,0.9010119,22.0491619,0.0265044
LIBERO-90,L022,recap,11,0.086815,0.8962123,21.7709904,0.0273998
LIBERO-90,L022,recap,12,0.0888638,0.8896399,20.9804821,0.0303783
LIBERO-90,L022,recap,13,0.0902637,0.8893329,20.479681,0.0321532
LIBERO-90,L022,recap,14,0.0946728,0.8935965,20.200676,0.0337419
LIBERO-90,L022,recap,15,0.0988259,0.89394,19.8427505,0.0346872
LIBERO-90,L022,recap,16,0.1036179,0.8906393,19.7392006,0.0351067
LIBERO-90,L022,recap,17,0.1056306,0.8909032,19.2994652,0.0370434
LIBERO-90,L022,recap,18,0.1103408,0.8859591,19.1482792,0.0381696
LIBERO-90,L022,recap,19,0.1139171,0.8840447,18.7101097,0.0410569
LIBERO-90,L022,recap,20,0.1176934,0.8831049,18.7476082,0.0407292
LIBERO-90,L022,recap,21,0.1197336,0.882161,18.7488251,0.0401137
LIBERO-90,L022,recap,22,0.1227751,0.8808417,18.6176052,0.040802
LIBERO-90,L022,recap,23,0.1237288,0.8782964,18.7823601,0.0400783
LIBERO-90,L022,recap,24,0.1260013,0.8783255,18.8672943,0.0395238
LIBERO-90,L022,recap,25,0.1323088,0.8741421,18.4944305,0.0414204
LIBERO-90,L022,recap,26,0.1345554,0.8701109,18.288063,0.0431964
LIBERO-90,L022,recap,27,0.1407184,0.8651772,18.2697105,0.0435634
LIBERO-90,L022,recap,28,0.1416629,0.8602884,18.2186489,0.0439517
LIBERO-90,L022,recap,29,0.1453107,0.8574571,18.332077,0.0446348
LIBERO-90,L022,recap,30,0.1475538,0.8528529,18.0907745,0.0459322
LIBERO-90,L022,recap,31,0.1517881,0.8507077,17.7159634,0.0493672
LIBERO-90,L022,recap,32,0.1545047,0.8474706,17.7982502,0.0491249
LIBERO-90,L022,recap,33,0.1566329,0.8440579,17.5850716,0.0500447
LIBERO-90,L022,recap,34,0.1604919,0.8378671,17.3618031,0.0522559
LIBERO-90,L022,recap,35,0.1644267,0.8367026,17.4816284,0.051503
LIBERO-90,L022,recap,36,0.1703993,0.8311076,17.0274696,0.055652
LIBERO-90,L022,recap,37,0.1757552,0.815294,16.3158569,0.0622972
LIBERO-90,L022,recap,38,0.178086,0.8111168,15.91255,0.064819
LIBERO-90,L022,recap,39,0.1822083,0.8034767,15.4312048,0.0690202
LIBERO-90,L022,recap,40,0.184184,0.7970288,15.1931324,0.0741144
LIBERO-90,L022,recap,41,0.1834108,0.7982382,15.4382744,0.072469
LIBERO-90,L022,recap,42,0.1878078,0.7940049,15.0050144,0.0765058
LIBERO-90,L022,recap,43,0.18712,0.7919931,15.1879206,0.0759994
LIBERO-90,L022,recap,44,0.1848587,0.7954991,15.5259895,0.0745559
LIBERO-90,L022,recap,45,0.1868285,0.7929939,15.6556664,0.0731273
LIBERO-90,L022,recap,46,0.1877876,0.7920148,15.6556683,0.0733982
LIBERO-90,L022,recap,47,0.1888506,0.793915,15.707655,0.0730807
LIBERO-90,L022,recap,48,0.1877361,0.7920952,15.7065716,0.0733191
LIBERO-90,L022,recap,49,0.1871909,0.791048,15.5270405,0.0744994
LIBERO-90,L022,recap,50,0.1872784,0.791254,15.2851257,0.0753376
LIBERO-90,L022,recap,51,0.187156,0.7899843,15.1974287,0.0750754
LIBERO-90,L022,recap,52,0.1858443,0.7909521,15.3719959,0.0725194
LIBERO-90,L022,recap,53,0.1828094,0.7956824,15.5084457,0.0699222
LIBERO-90,L022,recap,54,0.1800374,0.7968886,15.7890491,0.0679168
LIBERO-90,L022,recap,55,0.1802001,0.7974901,15.8484802,0.0670057
LIBERO-90,L022,recap,56,0.1776262,0.797182,15.7073317,0.0678696
LIBERO-90,L022,recap,57,0.1786318,0.7981741,15.2829256,0.0701236
LIBERO-90,L022,recap,58,0.1776065,0.8001798,15.1848984,0.0707172
LIBERO-90,L022,recap,59,0.1800328,0.8030334,15.1424551,0.0712226
LIBERO-90,L022,recap,60,0.1790917,0.8030409,14.9276161,0.072667
LIBERO-90,L022,recap,61,0.1764552,0.8032003,14.8620586,0.072915
LIBERO-90,L022,recap,62,0.1749848,0.802325,14.8785725,0.0733622
LIBERO-90,L022,recap,63,0.1749848,0.8010401,14.9571724,0.0728766
LIBERO-90,L022,recap,64,0.1745415,0.8016013,14.8240395,0.0732372
LIBERO-90,L031,full_history,1,0.0752996,0.9049313,23.8556499,0.0229475
LIBERO-90,L031,full_history,2,0.0918701,0.8938269,21.9383774,0.0271525
LIBERO-90,L031,full_history,3,0.1034574,0.8784794,20.5283585,0.0315952
LIBERO-90,L031,full_history,4,0.1149627,0.8677176,19.4174919,0.0358472
LIBERO-90,L031,full_history,5,0.1303997,0.8513822,18.526226,0.0413601
LIBERO-90,L031,full_history,6,0.141986,0.8364342,17.6783199,0.0467482
LIBERO-90,L031,full_history,7,0.1537184,0.8347465,17.1717281,0.050562
LIBERO-90,L031,full_history,8,0.1610312,0.8306968,17.0344505,0.0518483
LIBERO-90,L031,full_history,9,0.1706218,0.8269608,16.5922432,0.0555718
LIBERO-90,L031,full_history,10,0.1789291,0.8203856,16.1778984,0.0594902
LIBERO-90,L031,full_history,11,0.1840793,0.8155994,15.9570045,0.0629215
LIBERO-90,L031,full_history,12,0.189238,0.806354,15.4690065,0.0691398
LIBERO-90,L031,full_history,13,0.196799,0.8025122,15.1416388,0.0731117
LIBERO-90,L031,full_history,14,0.2000887,0.7948868,14.8993397,0.0793928
LIBERO-90,L031,full_history,15,0.204386,0.7874644,14.7932148,0.0811188
LIBERO-90,L031,full_history,16,0.2090228,0.7731121,14.483242,0.0884672
LIBERO-90,L031,full_history,17,0.2174797,0.7592936,14.0565853,0.0963511
LIBERO-90,L031,full_history,18,0.2175087,0.753774,13.8724527,0.0990025
LIBERO-90,L031,full_history,19,0.2160908,0.7443488,13.6285152,0.1042323
LIBERO-90,L031,full_history,20,0.2188031,0.7449352,13.521246,0.1048895
LIBERO-90,L031,full_history,21,0.2254225,0.7406045,13.321887,0.1079722
LIBERO-90,L031,full_history,22,0.2292298,0.7347561,13.2286186,0.1096018
LIBERO-90,L031,full_history,23,0.2316275,0.7341521,13.3386612,0.1099253
LIBERO-90,L031,full_history,24,0.2360293,0.7314605,13.2145586,0.1123806
LIBERO-90,L031,full_history,25,0.2388591,0.7302782,13.178216,0.113874
LIBERO-90,L031,full_history,26,0.2486699,0.7285121,13.2136459,0.1182296
LIBERO-90,L031,full_history,27,0.2513171,0.7296913,12.9885626,0.1210112
LIBERO-90,L031,full_history,28,0.2493805,0.7279197,12.9983435,0.1220859
LIBERO-90,L031,full_history,29,0.255384,0.7268928,13.0022602,0.1261187
LIBERO-90,L031,full_history,30,0.2563265,0.7333139,13.106741,0.125295
LIBERO-90,L031,full_history,31,0.2546045,0.7464781,13.4856043,0.1160182
LIBERO-90,L031,full_history,32,0.2680923,0.7463524,13.3471565,0.1182923
LIBERO-90,L031,full_history,33,0.2624039,0.7460064,13.3194714,0.1174063
LIBERO-90,L031,full_history,34,0.2520334,0.7514366,13.3802052,0.1153348
LIBERO-90,L031,full_history,35,0.257386,0.7371151,12.8961811,0.1218985
LIBERO-90,L031,full_history,36,0.2564884,0.7315256,12.6586733,0.1262233
LIBERO-90,L031,full_history,37,0.2551704,0.7362407,12.8144989,0.1240976
LIBERO-90,L031,full_history,38,0.2618449,0.7254735,12.8055182,0.125555
LIBERO-90,L031,full_history,39,0.2615036,0.7231235,12.8078985,0.1227797
LIBERO-90,L031,full_history,40,0.2675947,0.721577,12.7707863,0.123726
LIBERO-90,L031,full_history,41,0.264807,0.7244472,13.0059061,0.1214439
LIBERO-90,L031,full_history,42,0.2635427,0.7272322,13.1112146,0.1166028
LIBERO-90,L031,full_history,43,0.2670766,0.7260847,13.2253723,0.1144503
LIBERO-90,L031,full_history,44,0.2670473,0.7266692,13.3956699,0.1102037
LIBERO-90,L031,full_history,45,0.2706406,0.7255781,13.253479,0.1088272
LIBERO-90,L031,full_history,46,0.2772699,0.7194188,13.1057644,0.1081934
LIBERO-90,L031,full_history,47,0.2792661,0.7182024,13.1495771,0.1085033
LIBERO-90,L031,full_history,48,0.2805566,0.7188619,13.2019825,0.1071784
LIBERO-90,L031,full_history,49,0.2799937,0.7193124,13.2509403,0.1068006
LIBERO-90,L031,full_history,50,0.2806289,0.7201877,13.2514811,0.1071979
LIBERO-90,L031,full_history,51,0.2823997,0.7190433,13.2592735,0.1063645
LIBERO-90,L031,full_history,52,0.286407,0.7219602,13.3606234,0.1058001
LIBERO-90,L031,full_history,53,0.28763,0.7221382,13.3555698,0.1057824
LIBERO-90,L031,full_history,54,0.2904939,0.713816,13.1863785,0.1099383
LIBERO-90,L031,full_history,55,0.2943273,0.7123892,12.8598747,0.1151911
LIBERO-90,L031,full_history,56,0.2973751,0.7097285,12.8027382,0.1164576
LIBERO-90,L031,full_history,57,0.2976833,0.711814,12.7903938,0.1183654
LIBERO-90,L031,full_history,58,0.2969692,0.7089872,12.7897367,0.121425
LIBERO-90,L031,full_history,59,0.2950125,0.7084751,12.7452574,0.1224303
LIBERO-90,L031,full_history,60,0.2973332,0.7061097,12.6958838,0.1244677
LIBERO-90,L031,full_history,61,0.2991755,0.7019299,12.619977,0.1282391
LIBERO-90,L031,full_history,62,0.2989147,0.7128205,12.846508,0.122622
LIBERO-90,L031,full_history,63,0.2993414,0.7131287,12.8428278,0.1222605
LIBERO-90,L031,full_history,64,0.2976311,0.7143527,12.8422079,0.1227864
LIBERO-90,L031,recap,1,0.0755754,0.9049987,23.8284149,0.0229934
LIBERO-90,L031,recap,2,0.0923463,0.8935322,21.9142876,0.0272036
LIBERO-90,L031,recap,3,0.1054842,0.875022,20.5469208,0.0314887
LIBERO-90,L031,recap,4,0.1150883,0.8671753,19.4438515,0.0356846
LIBERO-90,L031,recap,5,0.129403,0.8512605,18.4479561,0.041808
LIBERO-90,L031,recap,6,0.1407577,0.8351592,17.6136398,0.0471338
LIBERO-90,L031,recap,7,0.1533687,0.8273869,17.0646706,0.0506221
LIBERO-90,L031,recap,8,0.162529,0.8300965,16.923645,0.0524585
LIBERO-90,L031,recap,9,0.1683597,0.8285344,16.6078472,0.0556879
LIBERO-90,L031,recap,10,0.1769973,0.8232607,16.3193054,0.0583792
LIBERO-90,L031,recap,11,0.186372,0.8126925,15.8718014,0.0626695
LIBERO-90,L031,recap,12,0.1870303,0.809438,15.6085854,0.0656253
LIBERO-90,L031,recap,13,0.1957281,0.8000299,15.4252033,0.0671026
LIBERO-90,L031,recap,14,0.1970467,0.7986368,15.445529,0.0673782
LIBERO-90,L031,recap,15,0.1998448,0.7948152,15.2019234,0.0697716
LIBERO-90,L031,recap,16,0.2026647,0.7919846,14.8887157,0.0732806
LIBERO-90,L031,recap,17,0.205735,0.788056,14.5120964,0.0772317
LIBERO-90,L031,recap,18,0.210002,0.7838604,14.1297293,0.0812797
LIBERO-90,L031,recap,19,0.2147799,0.7788913,13.7610378,0.0856753
LIBERO-90,L031,recap,20,0.2188032,0.7763855,13.4487972,0.0894624
LIBERO-90,L031,recap,21,0.2245525,0.7725289,13.175602,0.0928378
LIBERO-90,L031,recap,22,0.228543,0.7679903,12.9422102,0.0958635
LIBERO-90,L031,recap,23,0.2333154,0.7642288,12.7530146,0.0985611
LIBERO-90,L031,recap,24,0.2350765,0.7631633,12.5947094,0.1007299
LIBERO-90,L031,recap,25,0.236092,0.7619382,12.4907436,0.1022355
LIBERO-90,L031,recap,26,0.2383103,0.7614298,12.3970757,0.1036128
LIBERO-90,L031,recap,27,0.240094,0.759971,12.315134,0.1049575
LIBERO-90,L031,recap,28,0.241054,0.7583138,12.2526159,0.1061965
LIBERO-90,L031,recap,29,0.2443535,0.7553584,12.2119637,0.1071609
LIBERO-90,L031,recap,30,0.245484,0.753154,12.1638536,0.1081108
LIBERO-90,L031,recap,31,0.2465976,0.7516424,12.1441469,0.1087838
LIBERO-90,L031,recap,32,0.2495114,0.7502803,12.1404877,0.1092658
LIBERO-90,L031,recap,33,0.250131,0.7491459,12.118679,0.1097869
LIBERO-90,L031,recap,34,0.252985,0.7484208,12.1337872,0.1099351
LIBERO-90,L031,recap,35,0.2534983,0.7451574,12.1152153,0.1103436
LIBERO-90,L031,recap,36,0.2560323,0.7429929,12.105628,0.1106388
LIBERO-90,L031,recap,37,0.2594166,0.7410717,12.1022749,0.1109171
LIBERO-90,L031,recap,38,0.2634907,0.7383373,12.1210079,0.1110765
LIBERO-90,L031,recap,39,0.2675859,0.7352443,12.1371498,0.1110923
LIBERO-90,L031,recap,40,0.2731438,0.7332923,12.1786108,0.1107905
LIBERO-90,L031,recap,41,0.277335,0.7312874,12.2249126,0.1104381
LIBERO-90,L031,recap,42,0.2797629,0.7302226,12.2631435,0.1100981
LIBERO-90,L031,recap,43,0.2845359,0.7288468,12.3274508,0.1093663
LIBERO-90,L031,recap,44,0.2877039,0.7279216,12.3824587,0.1087462
LIBERO-90,L031,recap,45,0.2905923,0.7267728,12.4209223,0.1082836
LIBERO-90,L031,recap,46,0.2965327,0.7209709,12.4169846,0.1089462
LIBERO-90,L031,recap,47,0.2994177,0.7184384,12.4142599,0.1093222
LIBERO-90,L031,recap,48,0.301528,0.7183542,12.4647818,0.1087692
LIBERO-90,L031,recap,49,0.3016528,0.7193569,12.5126305,0.1082899
LIBERO-90,L031,recap,50,0.3029437,0.7206241,12.5545883,0.1078832
LIBERO-90,L031,recap,51,0.3051816,0.7213653,12.603282,0.1074015
LIBERO-90,L031,recap,52,0.3057374,0.7219152,12.6354876,0.1070525
LIBERO-90,L031,recap,53,0.3080237,0.7213452,12.6704893,0.1067275
LIBERO-90,L031,recap,54,0.3121546,0.7124071,12.4489021,0.1118795
LIBERO-90,L031,recap,55,0.3170799,0.7115534,12.1697435,0.1161414
LIBERO-90,L031,recap,56,0.3190452,0.7068987,12.0355492,0.1187706
LIBERO-90,L031,recap,57,0.3192594,0.7091185,12.0492792,0.1187587
LIBERO-90,L031,recap,58,0.3191841,0.7097362,12.0937042,0.1184288
LIBERO-90,L031,recap,59,0.3185741,0.7089348,12.0954533,0.1188867
LIBERO-90,L031,recap,60,0.3209552,0.7086121,12.0584526,0.1203895
LIBERO-90,L031,recap,61,0.3207385,0.7092982,12.0498066,0.1205466
LIBERO-90,L031,recap,62,0.3211565,0.7085137,12.0423994,0.1207018
LIBERO-90,L031,recap,63,0.3214345,0.7092267,12.0433483,0.1205569
LIBERO-90,L031,recap,64,0.3210346,0.7112229,12.0335922,0.1209223
LIBERO-90,L032,full_history,1,0.0645741,0.926469,25.3261642,0.0193867
LIBERO-90,L032,full_history,2,0.0704043,0.9231617,24.1080742,0.0213099
LIBERO-90,L032,full_history,3,0.0774312,0.9149688,22.7069855,0.0244799
LIBERO-90,L032,full_history,4,0.0990467,0.8920425,20.0273361,0.0342127
LIBERO-90,L032,full_history,5,0.1159602,0.8780069,18.0214405,0.0442621
LIBERO-90,L032,full_history,6,0.1274468,0.8690836,17.2957153,0.049221
LIBERO-90,L032,full_history,7,0.1324716,0.86136,16.8528233,0.0523141
LIBERO-90,L032,full_history,8,0.1352765,0.855804,16.4359741,0.0553365
LIBERO-90,L032,full_history,9,0.1391319,0.8518522,16.0708466,0.0580228
LIBERO-90,L032,full_history,10,0.1438469,0.8484807,15.7421761,0.0593987
LIBERO-90,L032,full_history,11,0.1448981,0.8461824,15.4910383,0.0605095
LIBERO-90,L032,full_history,12,0.1461011,0.8453065,15.3060303,0.0610156
LIBERO-90,L032,full_history,13,0.1465211,0.8451177,15.1496162,0.0623071
LIBERO-90,L032,full_history,14,0.1479024,0.8420273,15.0035477,0.0648341
LIBERO-90,L032,full_history,15,0.149001,0.8341091,14.9564981,0.0678236
LIBERO-90,L032,full_history,16,0.1544817,0.8274165,14.8717222,0.0713407
LIBERO-90,L032,full_history,17,0.1700888,0.8030556,14.6244373,0.0803786
LIBERO-90,L032,full_history,18,0.1848245,0.7811769,14.2459822,0.0895226
LIBERO-90,L032,full_history,19,0.1925272,0.7711748,14.1368532,0.092568
LIBERO-90,L032,full_history,20,0.2018396,0.7603003,13.5720263,0.0993223
LIBERO-90,L032,full_history,21,0.208352,0.7569755,13.6132698,0.0989286
LIBERO-90,L032,full_history,22,0.2191548,0.7536719,13.6722765,0.0997585
LIBERO-90,L032,full_history,23,0.2225648,0.7488829,13.6440992,0.1027045
LIBERO-90,L032,full_history,24,0.2167031,0.7516771,13.7440538,0.1026077
LIBERO-90,L032,full_history,25,0.2217724,0.7487875,13.5687485,0.1057617
LIBERO-90,L032,full_history,26,0.231336,0.7428001,13.324028,0.1123538
LIBERO-90,L032,full_history,27,0.2354364,0.7411693,13.2211132,0.1146883
LIBERO-90,L032,full_history,28,0.2349993,0.7434393,13.3616152,0.1137284
LIBERO-90,L032,full_history,29,0.2483132,0.7354712,13.2911911,0.1195534
LIBERO-90,L032,full_history,30,0.2330007,0.7568064,13.5987196,0.112156
LIBERO-90,L032,full_history,31,0.2315983,0.7606719,13.7102118,0.1079572
LIBERO-90,L032,full_history,32,0.2365077,0.7577046,13.7081575,0.1092742
LIBERO-90,L032,full_history,33,0.2385727,0.7592772,13.7650671,0.1072543
LIBERO-90,L032,full_history,34,0.2381935,0.7617512,13.7873249,0.108035
LIBERO-90,L032,full_history,35,0.2417319,0.7609344,13.7988577,0.1105019
LIBERO-90,L032,full_history,36,0.2487997,0.7542732,13.7734966,0.1121775
LIBERO-90,L032,full_history,37,0.2512828,0.7520138,13.7829828,0.1117781
LIBERO-90,L032,full_history,38,0.2533874,0.7521061,13.7988338,0.1117996
LIBERO-90,L032,full_history,39,0.2598049,0.7481546,13.8548574,0.1120329
LIBERO-90,L032,full_history,40,0.263304,0.7465732,13.8807983,0.1115576
LIBERO-90,L032,full_history,41,0.2656338,0.7439798,13.8731079,0.1106672
LIBERO-90,L032,full_history,42,0.2677726,0.7289823,13.3078613,0.1171253
LIBERO-90,L032,full_history,43,0.2669134,0.7317635,13.0763893,0.1183919
LIBERO-90,L032,full_history,44,0.2669441,0.7324122,13.3356361,0.1112843
LIBERO-90,L032,full_history,45,0.2653665,0.7438766,13.6679592,0.1064469
LIBERO-90,L032,full_history,46,0.2554292,0.7553192,13.7794609,0.1038127
LIBERO-90,L032,full_history,47,0.2572228,0.7510493,13.9134073,0.1012326
LIBERO-90,L032,full_history,48,0.2548614,0.7506573,14.0020142,0.0992439
LIBERO-90,L032,full_history,49,0.252808,0.7541533,14.2259359,0.096119
LIBERO-90,L032,full_history,50,0.253271,0.7574018,14.3182135,0.0949697
LIBERO-90,L032,full_history,51,0.2618279,0.749077,14.0584803,0.098418
LIBERO-90,L032,full_history,52,0.2635466,0.7495321,14.0184555,0.098156
LIBERO-90,L032,full_history,53,0.2642568,0.7423977,13.8403111,0.1003297
LIBERO-90,L032,full_history,54,0.2633997,0.7471334,13.7959814,0.101219
LIBERO-90,L032,full_history,55,0.2648801,0.7462628,13.7481461,0.1026786
LIBERO-90,L032,full_history,56,0.266692,0.7402648,13.619154,0.1041923
LIBERO-90,L032,full_history,57,0.2679215,0.7388346,13.6925163,0.1041746
LIBERO-90,L032,full_history,58,0.271857,0.7368307,13.5434446,0.1085016
LIBERO-90,L032,full_history,59,0.2784649,0.7258646,13.4016027,0.1122916
LIBERO-90,L032,full_history,60,0.2837221,0.720232,13.3643913,0.1139055
LIBERO-90,L032,full_history,61,0.285827,0.719981,13.3817425,0.1135812
LIBERO-90,L032,full_history,62,0.2847852,0.7183692,13.2859955,0.1148141
LIBERO-90,L032,full_history,63,0.2824369,0.7301109,13.392931,0.1117497
LIBERO-90,L032,full_history,64,0.2729621,0.743131,13.539753,0.1071535
LIBERO-90,L032,recap,1,0.0645538,0.9264645,25.3352909,0.0189986
LIBERO-90,L032,recap,2,0.0708943,0.9230655,24.1085854,0.0206003
LIBERO-90,L032,recap,3,0.0775543,0.9150773,22.7061157,0.0238473
LIBERO-90,L032,recap,4,0.0991324,0.8922091,20.0195675,0.0335765
LIBERO-90,L032,recap,5,0.1156752,0.8784899,18.1123657,0.0432913
LIBERO-90,L032,recap,6,0.1266558,0.8697724,17.3851757,0.048196
LIBERO-90,L032,recap,7,0.1315433,0.862033,16.9328709,0.051289
LIBERO-90,L032,recap,8,0.1342887,0.8564554,16.5081692,0.054317
LIBERO-90,L032,recap,9,0.1381449,0.8524995,16.1368027,0.0570061
LIBERO-90,L032,recap,10,0.1427727,0.8490917,15.8125315,0.0593761
LIBERO-90,L032,recap,11,0.1435358,0.8465006,15.5490761,0.0613654
LIBERO-90,L032,recap,12,0.1455328,0.845296,15.3050127,0.0632031
LIBERO-90,L032,recap,13,0.1467654,0.8448988,15.0950737,0.0648161
LIBERO-90,L032,recap,14,0.1483402,0.8419743,14.8926659,0.0667166
LIBERO-90,L032,recap,15,0.1500871,0.8360869,14.6876411,0.069318
LIBERO-90,L032,recap,16,0.1539021,0.834163,14.5368881,0.0712297
LIBERO-90,L032,recap,17,0.1603078,0.8270918,14.3442268,0.0740532
LIBERO-90,L032,recap,18,0.163765,0.8199641,14.1636868,0.0763473
LIBERO-90,L032,recap,19,0.1684112,0.811478,13.9634275,0.0786669
LIBERO-90,L032,recap,20,0.1743107,0.8046978,13.774724,0.0808527
LIBERO-90,L032,recap,21,0.1788432,0.8003325,13.5980759,0.0831648
LIBERO-90,L032,recap,22,0.1850681,0.7940135,13.4194164,0.0855391
LIBERO-90,L032,recap,23,0.1896241,0.7902244,13.2617388,0.0876685
LIBERO-90,L032,recap,24,0.1936794,0.7870209,13.1773291,0.0890347
LIBERO-90,L032,recap,25,0.1970788,0.7848743,13.0934544,0.0906292
LIBERO-90,L032,recap,26,0.2014796,0.7826371,13.0432425,0.0919436
LIBERO-90,L032,recap,27,0.2045813,0.7807355,13.0313635,0.0926629
LIBERO-90,L032,recap,28,0.2065017,0.7815922,13.0577736,0.0926213
LIBERO-90,L032,recap,29,0.2087053,0.7831083,13.1121616,0.0920093
LIBERO-90,L032,recap,30,0.211349,0.7844003,13.1695166,0.091348
LIBERO-90,L032,recap,31,0.216785,0.7784485,13.18437,0.0919227
LIBERO-90,L032,recap,32,0.2215656,0.7725292,13.197216,0.0924152
LIBERO-90,L032,recap,33,0.2262136,0.7699239,13.2253132,0.0925985
LIBERO-90,L032,recap,34,0.2293144,0.7672745,13.2645178,0.0926202
LIBERO-90,L032,recap,35,0.2355473,0.7623366,13.2400837,0.0937606
LIBERO-90,L032,recap,36,0.2404979,0.7598009,13.2309637,0.0943308
LIBERO-90,L032,recap,37,0.2425776,0.7596834,13.2733622,0.0941058
LIBERO-90,L032,recap,38,0.2455968,0.7603244,13.2923603,0.0940899
LIBERO-90,L032,recap,39,0.2501668,0.7573813,13.3113956,0.0942336
LIBERO-90,L032,recap,40,0.2538228,0.7558873,13.3333254,0.0942127
LIBERO-90,L032,recap,41,0.2563409,0.7542363,13.3340282,0.0943205
LIBERO-90,L032,recap,42,0.2602863,0.7346051,12.5665264,0.107593
LIBERO-90,L032,recap,43,0.2624739,0.7351457,12.2690563,0.1121945
LIBERO-90,L032,recap,44,0.2613351,0.7416573,12.4906244,0.1079378
LIBERO-90,L032,recap,45,0.2609196,0.7498707,12.7741919,0.1038582
LIBERO-90,L032,recap,46,0.2595587,0.7542921,13.0376482,0.1007461
LIBERO-90,L032,recap,47,0.2618642,0.7519521,13.2144728,0.0984723
LIBERO-90,L032,recap,48,0.2605274,0.7524388,13.4028244,0.0958968
LIBERO-90,L032,recap,49,0.2583364,0.7543878,13.554203,0.0940039
LIBERO-90,L032,recap,50,0.2592923,0.7564846,13.5742264,0.0935376
LIBERO-90,L032,recap,51,0.2601628,0.75808,13.5395126,0.0940313
LIBERO-90,L032,recap,52,0.2611482,0.7588096,13.5054741,0.0940609
LIBERO-90,L032,recap,53,0.2600542,0.7571632,13.4256124,0.0943529
LIBERO-90,L032,recap,54,0.2585325,0.7614602,13.4307899,0.0941306
LIBERO-90,L032,recap,55,0.2593909,0.7624308,13.4034348,0.0942593
LIBERO-90,L032,recap,56,0.2607091,0.7569438,13.2612619,0.095984
LIBERO-90,L032,recap,57,0.2627338,0.7530182,13.2405863,0.0966631
LIBERO-90,L032,recap,58,0.2651502,0.7534419,13.1714926,0.0981507
LIBERO-90,L032,recap,59,0.2708821,0.7447078,13.0438604,0.1005267
LIBERO-90,L032,recap,60,0.275025,0.7388001,12.9775867,0.1024385
LIBERO-90,L032,recap,61,0.2772219,0.7350488,12.8955593,0.1041982
LIBERO-90,L032,recap,62,0.2822616,0.7296013,12.780056,0.1065954
LIBERO-90,L032,recap,63,0.2860463,0.7268208,12.6460171,0.109046
LIBERO-90,L032,recap,64,0.2860704,0.7250874,12.5778904,0.1105307
LIBERO-90,L041,full_history,1,0.0439189,0.9541847,28.6732063,0.0152758
LIBERO-90,L041,full_history,2,0.0504129,0.9334485,25.9893608,0.018515
LIBERO-90,L041,full_history,3,0.0590968,0.9104008,23.9586735,0.0224787
LIBERO-90,L041,full_history,4,0.0652897,0.8942558,22.77075,0.0253942
LIBERO-90,L041,full_history,5,0.06909,0.8864024,22.099102,0.0272621
LIBERO-90,L041,full_history,6,0.0726132,0.8821808,21.8210316,0.0280752
LIBERO-90,L041,full_history,7,0.0717339,0.8825828,21.8371735,0.0280192
LIBERO-90,L041,full_history,8,0.0686514,0.8883584,22.257412,0.0267147
LIBERO-90,L041,full_history,9,0.0662105,0.8999228,23.1205482,0.0239448
LIBERO-90,L041,full_history,10,0.055314,0.9167548,24.5472622,0.0203414
LIBERO-90,L041,full_history,11,0.0510231,0.9316909,26.3854008,0.0191575
LIBERO-90,L041,full_history,12,0.0564251,0.9119245,24.8128777,0.0227267
LIBERO-90,L041,full_history,13,0.0747795,0.8701214,21.2763882,0.0325892
LIBERO-90,L041,full_history,14,0.0945779,0.8494359,19.2199669,0.043157
LIBERO-90,L041,full_history,15,0.1201668,0.8345072,17.8561802,0.0571762
LIBERO-90,L041,full_history,16,0.1471367,0.792096,16.4008942,0.0752688
LIBERO-90,L041,full_history,17,0.1693479,0.7700027,15.5512142,0.0866516
LIBERO-90,L041,full_history,18,0.1870561,0.7570879,15.0475407,0.09259
LIBERO-90,L041,full_history,19,0.1986657,0.7472438,14.7572508,0.0975959
LIBERO-90,L041,full_history,20,0.2117178,0.7333494,14.506259,0.1025108
LIBERO-90,L041,full_history,21,0.2224805,0.7292861,14.4379787,0.1047328
LIBERO-90,L041,full_history,22,0.2363844,0.7206972,14.3153534,0.1076874
LIBERO-90,L041,full_history,23,0.2447585,0.7121404,14.1737003,0.1116834
LIBERO-90,L041,full_history,24,0.2545369,0.6984957,13.9433613,0.1163367
LIBERO-90,L041,full_history,25,0.2546557,0.703528,13.8791265,0.1163504
LIBERO-90,L041,full_history,26,0.2664815,0.6962393,13.5661716,0.1215205
LIBERO-90,L041,full_history,27,0.2675782,0.6987235,13.4352932,0.1234374
LIBERO-90,L041,full_history,28,0.268196,0.6967357,13.1490946,0.1274807
LIBERO-90,L041,full_history,29,0.2690469,0.7017967,13.2967129,0.125948
LIBERO-90,L041,full_history,30,0.2690436,0.7075131,13.4370098,0.1231727
LIBERO-90,L041,full_history,31,0.263119,0.7163503,13.6755314,0.1170721
LIBERO-90,L041,full_history,32,0.2710533,0.7179492,13.7036877,0.117869
LIBERO-90,L041,full_history,33,0.2695348,0.721381,13.7276192,0.1162971
LIBERO-90,L041,full_history,34,0.2624431,0.7259035,13.7639627,0.1132726
LIBERO-90,L041,full_history,35,0.2620769,0.7319224,13.8527956,0.1129698
LIBERO-90,L041,full_history,36,0.2602557,0.7324926,13.8734446,0.1128794
LIBERO-90,L041,full_history,37,0.2556097,0.736108,14.0452185,0.1103194
LIBERO-90,L041,full_history,38,0.2463363,0.7505236,14.2305994,0.1046218
LIBERO-90,L041,full_history,39,0.2415731,0.7568287,14.3075695,0.1025803
LIBERO-90,L041,full_history,40,0.2403685,0.7563408,14.2985735,0.1014199
LIBERO-90,L041,full_history,41,0.2404386,0.7546155,14.2803288,0.1009304
LIBERO-90,L041,full_history,42,0.2406457,0.7499137,14.3245935,0.1009503
LIBERO-90,L041,full_history,43,0.2456168,0.7371098,14.291954,0.1029235
LIBERO-90,L041,full_history,44,0.2465636,0.7348319,14.3311081,0.1023261
LIBERO-90,L041,full_history,45,0.2530841,0.7271879,14.2031784,0.1046064
LIBERO-90,L041,full_history,46,0.2519745,0.7292653,14.1175661,0.1036544
LIBERO-90,L041,full_history,47,0.2490242,0.7331861,13.997757,0.1028609
LIBERO-90,L041,full_history,48,0.2460067,0.7350267,14.0892143,0.1010637
LIBERO-90,L041,full_history,49,0.2419386,0.7395806,14.0199966,0.1000914
LIBERO-90,L041,full_history,50,0.2451308,0.7292398,13.8253508,0.1035426
LIBERO-90,L041,full_history,51,0.2455133,0.7271339,13.7948017,0.1037688
LIBERO-90,L041,full_history,52,0.2452477,0.7263892,13.7799215,0.1038488
LIBERO-90,L041,full_history,53,0.2454195,0.7254422,13.8081532,0.1037885
LIBERO-90,L041,full_history,54,0.2471784,0.724112,13.774581,0.1043597
LIBERO-90,L041,full_history,55,0.2482676,0.7217454,13.7660513,0.1053648
LIBERO-90,L041,full_history,56,0.2467583,0.722804,13.7684422,0.1054112
LIBERO-90,L041,full_history,57,0.2493037,0.719389,13.7932777,0.1071537
LIBERO-90,L041,full_history,58,0.2488553,0.7207141,13.6715488,0.1089078
LIBERO-90,L041,full_history,59,0.2495099,0.7185203,13.686142,0.108995
LIBERO-90,L041,full_history,60,0.2551264,0.7124785,13.6883049,0.1106271
LIBERO-90,L041,full_history,61,0.2474265,0.7245291,13.7665453,0.1088206
LIBERO-90,L041,full_history,62,0.250991,0.7167296,13.727581,0.1116358
LIBERO-90,L041,full_history,63,0.249851,0.721103,13.6802769,0.1112665
LIBERO-90,L041,full_history,64,0.2400242,0.7420238,13.7792826,0.1072333
LIBERO-90,L041,recap,1,0.0439189,0.9541847,28.6732063,0.0152758
LIBERO-90,L041,recap,2,0.0504129,0.9334485,25.9893608,0.018515
LIBERO-90,L041,recap,3,0.0590968,0.9104008,23.9586735,0.0224787
LIBERO-90,L041,recap,4,0.0652897,0.8942558,22.77075,0.0253942
LIBERO-90,L041,recap,5,0.06909,0.8864024,22.099102,0.0272621
LIBERO-90,L041,recap,6,0.0726132,0.8821808,21.8210316,0.0280752
LIBERO-90,L041,recap,7,0.0717339,0.8825828,21.8371735,0.0280192
LIBERO-90,L041,recap,8,0.0686514,0.8883584,22.257412,0.0267147
LIBERO-90,L041,recap,9,0.0661237,0.8996834,23.0864048,0.0244961
LIBERO-90,L041,recap,10,0.0554443,0.9161048,24.4245129,0.0214922
LIBERO-90,L041,recap,11,0.0512463,0.9305784,26.0985661,0.0189109
LIBERO-90,L041,recap,12,0.0543786,0.9169664,25.1763744,0.0211876
LIBERO-90,L041,recap,13,0.070668,0.8767434,21.8884468,0.0283254
LIBERO-90,L041,recap,14,0.0885417,0.8585377,19.7112541,0.0360032
LIBERO-90,L041,recap,15,0.1084647,0.8506802,18.3809643,0.0427903
LIBERO-90,L041,recap,16,0.1259642,0.8312434,17.2665482,0.0497393
LIBERO-90,L041,recap,17,0.1362349,0.826187,16.9204941,0.0519983
LIBERO-90,L041,recap,18,0.1465892,0.8211175,16.6875381,0.0536859
LIBERO-90,L041,recap,19,0.1551448,0.8132906,16.3830414,0.0558244
LIBERO-90,L041,recap,20,0.1648312,0.8074546,16.1048241,0.0584374
LIBERO-90,L041,recap,21,0.1748981,0.8059332,15.9951572,0.0593555
LIBERO-90,L041,recap,22,0.187632,0.7945313,15.6589527,0.0629769
LIBERO-90,L041,recap,23,0.1954455,0.7915074,15.450222,0.0667181
LIBERO-90,L041,recap,24,0.2015261,0.7780115,15.0753984,0.0714736
LIBERO-90,L041,recap,25,0.2065994,0.7669717,14.6232977,0.0774623
LIBERO-90,L041,recap,26,0.2165124,0.7609385,14.333457,0.0820871
LIBERO-90,L041,recap,27,0.2197901,0.757606,14.0307331,0.0864158
LIBERO-90,L041,recap,28,0.2217775,0.7512572,13.5846567,0.0914111
LIBERO-90,L041,recap,29,0.2270999,0.7506363,13.5925159,0.0918334
LIBERO-90,L041,recap,30,0.2284508,0.7522628,13.682642,0.0910484
LIBERO-90,L041,recap,31,0.2292458,0.7523191,13.7567129,0.0900852
LIBERO-90,L041,recap,32,0.2309728,0.7506905,13.7951279,0.0894401
LIBERO-90,L041,recap,33,0.2318698,0.7507589,13.7400055,0.0897221
LIBERO-90,L041,recap,34,0.2321472,0.7506405,13.6732159,0.0897585
LIBERO-90,L041,recap,35,0.2325263,0.7547509,13.7104092,0.0887972
LIBERO-90,L041,recap,36,0.2314061,0.757892,13.7624741,0.0878048
LIBERO-90,L041,recap,37,0.2309911,0.7588424,13.8347893,0.0868072
LIBERO-90,L041,recap,38,0.232838,0.7598566,13.878808,0.0859383
LIBERO-90,L041,recap,39,0.2310901,0.7632087,13.9401674,0.0851044
LIBERO-90,L041,recap,40,0.2300174,0.7630702,13.9670954,0.0847181
LIBERO-90,L041,recap,41,0.2294117,0.7643083,14.0251026,0.0843237
LIBERO-90,L041,recap,42,0.2284091,0.7634975,14.1676416,0.0832549
LIBERO-90,L041,recap,43,0.2272464,0.7660221,14.4422426,0.0806722
LIBERO-90,L041,recap,44,0.2255035,0.7663024,14.4516144,0.0802673
LIBERO-90,L041,recap,45,0.2260779,0.7670363,14.5078039,0.0793561
LIBERO-90,L041,recap,46,0.223635,0.7670786,14.5171213,0.0791112
LIBERO-90,L041,recap,47,0.2211698,0.7675347,14.5713606,0.0784516
LIBERO-90,L041,recap,48,0.2182925,0.7694188,14.8982449,0.0757946
LIBERO-90,L041,recap,49,0.2160109,0.7711351,15.0645885,0.074212
LIBERO-90,L041,recap,50,0.2135661,0.7722276,15.2324543,0.0725744
LIBERO-90,L041,recap,51,0.213521,0.770396,15.2328835,0.0726391
LIBERO-90,L041,recap,52,0.2127882,0.7700282,15.2407694,0.0724888
LIBERO-90,L041,recap,53,0.2129174,0.7702394,15.2712517,0.0722183
LIBERO-90,L041,recap,54,0.2131933,0.7707194,15.2133331,0.0726065
LIBERO-90,L041,recap,55,0.2137694,0.7701595,15.1761208,0.0730093
LIBERO-90,L041,recap,56,0.2140514,0.7702579,15.1264896,0.0734622
LIBERO-90,L041,recap,57,0.2145136,0.7705023,15.0713844,0.0740064
LIBERO-90,L041,recap,58,0.2153205,0.7721241,14.9646053,0.0748728
LIBERO-90,L041,recap,59,0.2173234,0.7700702,14.9042501,0.0753379
LIBERO-90,L041,recap,60,0.2171592,0.7691023,14.8212833,0.0760331
LIBERO-90,L041,recap,61,0.2178437,0.7680113,14.7317457,0.0769812
LIBERO-90,L041,recap,62,0.2177296,0.7670389,14.6813412,0.077831
LIBERO-90,L041,recap,63,0.2198244,0.7656034,14.5224266,0.0794125
LIBERO-90,L041,recap,64,0.2226958,0.7650841,14.3996525,0.0804411
LIBERO-90,L042,full_history,1,0.0515572,0.9278737,25.5419827,0.0203601
LIBERO-90,L042,full_history,2,0.0596929,0.9032267,23.1980038,0.0247312
LIBERO-90,L042,full_history,3,0.0675709,0.8883052,21.9712715,0.0280261
LIBERO-90,L042,full_history,4,0.074083,0.8786416,21.1604424,0.0306521
LIBERO-90,L042,full_history,5,0.0799276,0.8717429,20.5553856,0.0327123
LIBERO-90,L042,full_history,6,0.0851604,0.8668324,20.0395164,0.0346875
LIBERO-90,L042,full_history,7,0.0919468,0.8619617,19.5568295,0.0366652
LIBERO-90,L042,full_history,8,0.0939319,0.8601757,19.2968998,0.0378594
LIBERO-90,L042,full_history,9,0.0937781,0.8606695,19.3337669,0.0373823
LIBERO-90,L042,full_history,10,0.0929688,0.8596067,19.404356,0.0358604
LIBERO-90,L042,full_history,11,0.0932074,0.8586729,19.4182873,0.0374781
LIBERO-90,L042,full_history,12,0.095594,0.8565454,19.3648376,0.0395844
LIBERO-90,L042,full_history,13,0.0959019,0.8564885,19.3836079,0.0399068
LIBERO-90,L042,full_history,14,0.0950739,0.8537889,19.4158535,0.0447443
LIBERO-90,L042,full_history,15,0.1020406,0.8475159,19.5001087,0.0474506
LIBERO-90,L042,full_history,16,0.1136125,0.8251774,18.7617245,0.061469
LIBERO-90,L042,full_history,17,0.1226019,0.8076735,18.1251278,0.0696619
LIBERO-90,L042,full_history,18,0.1258201,0.8043845,18.0446758,0.0714381
LIBERO-90,L042,full_history,19,0.1217148,0.8052689,18.2606659,0.07025
LIBERO-90,L042,full_history,20,0.1172667,0.8167972,18.2727089,0.0692649
LIBERO-90,L042,full_history,21,0.1165752,0.8170021,18.1751499,0.0719814
LIBERO-90,L042,full_history,22,0.1152343,0.813179,18.1481018,0.0721686
LIBERO-90,L042,full_history,23,0.119031,0.7989414,17.7573509,0.0749714
LIBERO-90,L042,full_history,24,0.1298481,0.780733,17.1506996,0.0793385
LIBERO-90,L042,full_history,25,0.141578,0.7797042,16.8326206,0.0818054
LIBERO-90,L042,full_history,26,0.1494621,0.7795311,16.4244576,0.084988
LIBERO-90,L042,full_history,27,0.1594147,0.7778496,16.1568604,0.0856375
LIBERO-90,L042,full_history,28,0.1686234,0.7730904,15.723856,0.0882735
LIBERO-90,L042,full_history,29,0.1770481,0.7710624,15.4696894,0.091735
LIBERO-90,L042,full_history,30,0.1865323,0.7716697,15.9534454,0.0845366
LIBERO-90,L042,full_history,31,0.1921335,0.7819282,16.0636978,0.0847764
LIBERO-90,L042,full_history,32,0.1974152,0.7827901,15.9858189,0.0856742
LIBERO-90,L042,full_history,33,0.2041696,0.7755907,15.5647755,0.089041
LIBERO-90,L042,full_history,34,0.2141057,0.7698072,15.2156649,0.0937246
LIBERO-90,L042,full_history,35,0.2317522,0.7452055,14.9192562,0.1011505
LIBERO-90,L042,full_history,36,0.2368782,0.7510754,15.1218758,0.0986989
LIBERO-90,L042,full_history,37,0.2356217,0.7476338,14.9795055,0.0994412
LIBERO-90,L042,full_history,38,0.2416146,0.7361947,14.6984091,0.1018136
LIBERO-90,L042,full_history,39,0.2427538,0.7344306,14.3073654,0.1046725
LIBERO-90,L042,full_history,40,0.2455975,0.7364982,14.1253986,0.1040294
LIBERO-90,L042,full_history,41,0.2442997,0.7312999,13.745142,0.1066597
LIBERO-90,L042,full_history,42,0.2475088,0.7246445,13.5796623,0.1089277
LIBERO-90,L042,full_history,43,0.2468719,0.7290906,13.4040747,0.1103083
LIBERO-90,L042,full_history,44,0.2505009,0.7246792,13.3592405,0.1126218
LIBERO-90,L042,full_history,45,0.2461187,0.7279114,13.2994604,0.1105959
LIBERO-90,L042,full_history,46,0.2456189,0.7299808,13.3393154,0.1093129
LIBERO-90,L042,full_history,47,0.2436944,0.7368175,13.5490971,0.1058614
LIBERO-90,L042,full_history,48,0.2438945,0.7390319,14.3744841,0.0995116
LIBERO-90,L042,full_history,49,0.2437687,0.7430694,14.2879658,0.0985943
LIBERO-90,L042,full_history,50,0.2440269,0.7422263,14.4031086,0.0979393
LIBERO-90,L042,full_history,51,0.2445041,0.7423769,14.2442703,0.1003108
LIBERO-90,L042,full_history,52,0.2420126,0.7432514,14.3754683,0.0979623
LIBERO-90,L042,full_history,53,0.239204,0.7479711,14.4788027,0.0973938
LIBERO-90,L042,full_history,54,0.2404856,0.7479995,14.5150652,0.0972415
LIBERO-90,L042,full_history,55,0.2459412,0.7391741,14.2590504,0.1002173
LIBERO-90,L042,full_history,56,0.2460639,0.737287,14.2175789,0.1014565
LIBERO-90,L042,full_history,57,0.2480485,0.7322334,13.6367493,0.1048951
LIBERO-90,L042,full_history,58,0.2486069,0.7295061,13.5544548,0.1056846
LIBERO-90,L042,full_history,59,0.2494902,0.7274821,13.5509186,0.1068002
LIBERO-90,L042,full_history,60,0.2516326,0.7270612,13.5149918,0.1074992
LIBERO-90,L042,full_history,61,0.2517676,0.7249596,13.4846344,0.1079967
LIBERO-90,L042,full_history,62,0.2434634,0.7351326,13.4744015,0.1075311
LIBERO-90,L042,full_history,63,0.2497673,0.7305633,13.4856796,0.1081501
LIBERO-90,L042,full_history,64,0.2546018,0.7255282,13.4179125,0.1098333
LIBERO-90,L042,recap,1,0.0515572,0.9278737,25.5419827,0.0203601
LIBERO-90,L042,recap,2,0.0596929,0.9032267,23.1980038,0.0247312
LIBERO-90,L042,recap,3,0.0675709,0.8883052,21.9712715,0.0280261
LIBERO-90,L042,recap,4,0.074083,0.8786416,21.1604424,0.0306521
LIBERO-90,L042,recap,5,0.0799276,0.8717429,20.5553856,0.0327123
LIBERO-90,L042,recap,6,0.0851604,0.8668324,20.0395164,0.0346875
LIBERO-90,L042,recap,7,0.0919468,0.8619617,19.5568295,0.0366652
LIBERO-90,L042,recap,8,0.0939319,0.8601757,19.2968998,0.0378594
LIBERO-90,L042,recap,9,0.0939595,0.8605691,19.3295231,0.037583
LIBERO-90,L042,recap,10,0.0932743,0.8596031,19.3549881,0.037465
LIBERO-90,L042,recap,11,0.0922025,0.859219,19.343441,0.0374651
LIBERO-90,L042,recap,12,0.0944603,0.8581672,19.3133278,0.0375664
LIBERO-90,L042,recap,13,0.0948047,0.8577569,19.3036728,0.037606
LIBERO-90,L042,recap,14,0.0932332,0.8591096,19.3688354,0.037327
LIBERO-90,L042,recap,15,0.0929747,0.8602332,19.5300236,0.0366455
LIBERO-90,L042,recap,16,0.0902984,0.8637744,19.8075638,0.0354278
LIBERO-90,L042,recap,17,0.0874195,0.8650982,20.0487232,0.034564
LIBERO-90,L042,recap,18,0.086136,0.867506,20.3693771,0.0335117
LIBERO-90,L042,recap,19,0.0816129,0.8722188,20.7957153,0.0318656
LIBERO-90,L042,recap,20,0.0763661,0.8871294,21.1849785,0.0298444
LIBERO-90,L042,recap,21,0.0755485,0.8913718,21.3175621,0.0291857
LIBERO-90,L042,recap,22,0.0781957,0.8764758,20.8035049,0.0318729
LIBERO-90,L042,recap,23,0.0864458,0.8539287,19.6901608,0.0365417
LIBERO-90,L042,recap,24,0.0975031,0.8404105,18.79636,0.0408063
LIBERO-90,L042,recap,25,0.1084793,0.834946,17.9981194,0.0453451
LIBERO-90,L042,recap,26,0.1167014,0.8374674,17.6478539,0.0467082
LIBERO-90,L042,recap,27,0.1208643,0.8322518,17.4373798,0.0473052
LIBERO-90,L042,recap,28,0.1270764,0.8326605,17.0330868,0.0503484
LIBERO-90,L042,recap,29,0.1337491,0.8293529,17.0841255,0.0512927
LIBERO-90,L042,recap,30,0.1410451,0.8313054,17.008812,0.0517611
LIBERO-90,L042,recap,31,0.1495831,0.8276797,16.7000504,0.0541914
LIBERO-90,L042,recap,32,0.1570233,0.8203792,16.5099316,0.056504
LIBERO-90,L042,recap,33,0.1649802,0.8170922,16.383913,0.0578659
LIBERO-90,L042,recap,34,0.1661421,0.8157621,16.1543102,0.058922
LIBERO-90,L042,recap,35,0.1744994,0.8098252,15.8100338,0.0625203
LIBERO-90,L042,recap,36,0.1823359,0.8038031,15.5528936,0.0663187
LIBERO-90,L042,recap,37,0.1902353,0.7949954,15.1563129,0.069928
LIBERO-90,L042,recap,38,0.1979582,0.7876449,14.837904,0.0735997
LIBERO-90,L042,recap,39,0.2002069,0.7836426,14.4148846,0.0779917
LIBERO-90,L042,recap,40,0.2054795,0.7807335,14.1527576,0.0805141
LIBERO-90,L042,recap,41,0.2066657,0.7781538,13.8637905,0.0841642
LIBERO-90,L042,recap,42,0.2110697,0.7720319,13.6182795,0.0878181
LIBERO-90,L042,recap,43,0.2161571,0.7671652,13.2526121,0.0925801
LIBERO-90,L042,recap,44,0.2222683,0.7631455,13.112175,0.0953162
LIBERO-90,L042,recap,45,0.2225268,0.7601268,13.0855093,0.0958419
LIBERO-90,L042,recap,46,0.2245483,0.7586909,13.0658579,0.0962784
LIBERO-90,L042,recap,47,0.2255899,0.7610555,13.1070948,0.0954654
LIBERO-90,L042,recap,48,0.2262559,0.761861,13.1093016,0.0955136
LIBERO-90,L042,recap,49,0.2266969,0.7618952,13.1180992,0.09527
LIBERO-90,L042,recap,50,0.2266161,0.7617248,13.1362782,0.0947645
LIBERO-90,L042,recap,51,0.2266434,0.762207,13.1466999,0.0944843
LIBERO-90,L042,recap,52,0.2245653,0.7622194,13.2251949,0.0931786
LIBERO-90,L042,recap,53,0.2239605,0.764379,13.3449326,0.0918213
LIBERO-90,L042,recap,54,0.2245811,0.7658018,13.4610167,0.0900011
LIBERO-90,L042,recap,55,0.225239,0.7662019,13.556406,0.088627
LIBERO-90,L042,recap,56,0.2247575,0.766887,13.6356144,0.0874482
LIBERO-90,L042,recap,57,0.2233441,0.767345,13.7393847,0.086043
LIBERO-90,L042,recap,58,0.2232276,0.7681795,13.8458977,0.0847197
LIBERO-90,L042,recap,59,0.2229746,0.7713736,13.9351673,0.083601
LIBERO-90,L042,recap,60,0.2229528,0.7739834,14.0164518,0.0828573
LIBERO-90,L042,recap,61,0.222556,0.7740777,14.0751982,0.0821813
LIBERO-90,L042,recap,62,0.2219334,0.7772818,14.1386642,0.0818292
LIBERO-90,L042,recap,63,0.2212979,0.7779536,14.2203903,0.0807563
LIBERO-90,L042,recap,64,0.2206206,0.7789205,14.2226706,0.0808185
LIBERO-90,L051,full_history,1,0.0547496,0.9208866,25.4272499,0.0230649
LIBERO-90,L051,full_history,2,0.0672624,0.8882015,22.1335182,0.0302283
LIBERO-90,L051,full_history,3,0.0797794,0.8708407,20.2519703,0.036243
LIBERO-90,L051,full_history,4,0.0882731,0.8604386,19.0814571,0.0409361
LIBERO-90,L051,full_history,5,0.0960853,0.8550276,18.2793846,0.0449263
LIBERO-90,L051,full_history,6,0.1027485,0.8508013,17.6531639,0.0484636
LIBERO-90,L051,full_history,7,0.1099084,0.8458852,17.1689758,0.0515118
LIBERO-90,L051,full_history,8,0.1157059,0.8399475,16.7899284,0.0540589
LIBERO-90,L051,full_history,9,0.1199911,0.8355914,16.4855213,0.0562264
LIBERO-90,L051,full_history,10,0.1247595,0.8320714,16.213623,0.0576587
LIBERO-90,L051,full_history,11,0.1283986,0.828101,16.0716171,0.058498
LIBERO-90,L051,full_history,12,0.1325579,0.8254185,15.9533424,0.0594559
LIBERO-90,L051,full_history,13,0.1349602,0.823667,15.8125668,0.0605285
LIBERO-90,L051,full_history,14,0.1374522,0.8225005,15.7381039,0.0621447
LIBERO-90,L051,full_history,15,0.141927,0.8230115,15.6695728,0.066257
LIBERO-90,L051,full_history,16,0.1432593,0.8228051,15.6260242,0.0728659
LIBERO-90,L051,full_history,17,0.1489716,0.8186274,15.5212259,0.0788104
LIBERO-90,L051,full_history,18,0.153262,0.8162662,15.4247999,0.0810173
LIBERO-90,L051,full_history,19,0.1590176,0.8065803,15.2436152,0.0854584
LIBERO-90,L051,full_history,20,0.160088,0.804468,15.2651262,0.0855864
LIBERO-90,L051,full_history,21,0.1648314,0.7990658,15.2388344,0.087629
LIBERO-90,L051,full_history,22,0.1694454,0.7875118,15.1443958,0.0925733
LIBERO-90,L051,full_history,23,0.1747042,0.7775297,15.0279274,0.0978059
LIBERO-90,L051,full_history,24,0.1761228,0.773456,14.9389477,0.1018421
LIBERO-90,L051,full_history,25,0.1810934,0.7683106,14.7942772,0.1082182
LIBERO-90,L051,full_history,26,0.1899234,0.7612585,14.4911394,0.1137771
LIBERO-90,L051,full_history,27,0.1877252,0.759391,14.4763279,0.1146649
LIBERO-90,L051,full_history,28,0.1874575,0.7568256,14.4669294,0.11449
LIBERO-90,L051,full_history,29,0.1763119,0.7709843,14.9766932,0.1053391
LIBERO-90,L051,full_history,30,0.1733758,0.7711929,15.0356474,0.1024711
LIBERO-90,L051,full_history,31,0.1734034,0.7733397,15.0308876,0.1029323
LIBERO-90,L051,full_history,32,0.1811071,0.7689478,14.9283619,0.105604
LIBERO-90,L051,full_history,33,0.1824715,0.7703887,14.9068031,0.1054044
LIBERO-90,L051,full_history,34,0.1800572,0.7705962,14.9183693,0.1049257
LIBERO-90,L051,full_history,35,0.1827674,0.7679224,14.8301277,0.1066075
LIBERO-90,L051,full_history,36,0.1751238,0.7764901,15.0445662,0.1021743
LIBERO-90,L051,full_history,37,0.1747402,0.777344,15.0624228,0.1016668
LIBERO-90,L051,full_history,38,0.1744187,0.7792381,15.1552792,0.100264
LIBERO-90,L051,full_history,39,0.176106,0.7764627,15.1582193,0.0996959
LIBERO-90,L051,full_history,40,0.1788581,0.7716922,15.1715527,0.0995707
LIBERO-90,L051,full_history,41,0.1798263,0.7673081,15.1072254,0.0996044
LIBERO-90,L051,full_history,42,0.1802245,0.7615391,15.0870209,0.0983608
LIBERO-90,L051,full_history,43,0.1818508,0.7614411,15.1997423,0.0972239
LIBERO-90,L051,full_history,44,0.1853413,0.7544463,15.116024,0.0980115
LIBERO-90,L051,full_history,45,0.1901436,0.7440997,14.7020874,0.1038094
LIBERO-90,L051,full_history,46,0.1901828,0.7428677,14.8208046,0.1007241
LIBERO-90,L051,full_history,47,0.1940846,0.7464018,14.8073568,0.1002771
LIBERO-90,L051,full_history,48,0.1992308,0.7451335,14.902648,0.0994208
LIBERO-90,L051,full_history,49,0.205001,0.7447158,14.8616877,0.0996426
LIBERO-90,L051,full_history,50,0.2090627,0.7444397,14.7416639,0.1016433
LIBERO-90,L051,full_history,51,0.2150073,0.7493585,14.6497345,0.1031949
LIBERO-90,L051,full_history,52,0.2190743,0.7459769,14.6197233,0.1047697
LIBERO-90,L051,full_history,53,0.2245161,0.7395799,14.5914459,0.1059063
LIBERO-90,L051,full_history,54,0.2282241,0.738434,14.5879669,0.1062562
LIBERO-90,L051,full_history,55,0.2351318,0.7321078,14.5564842,0.1070429
LIBERO-90,L051,full_history,56,0.2421735,0.7259342,14.4171991,0.1097098
LIBERO-90,L051,full_history,57,0.2482705,0.7224528,14.2152119,0.11279
LIBERO-90,L051,full_history,58,0.2511784,0.7187709,14.0066042,0.1152317
LIBERO-90,L051,full_history,59,0.2549945,0.7166122,13.8784361,0.1180613
LIBERO-90,L051,full_history,60,0.2574794,0.7169198,13.9269295,0.1181016
LIBERO-90,L051,full_history,61,0.2708483,0.6893808,13.5190754,0.1272146
LIBERO-90,L051,full_history,62,0.2703628,0.6941308,13.4057665,0.1279816
LIBERO-90,L051,full_history,63,0.2733621,0.6946508,13.5387707,0.1262392
LIBERO-90,L051,full_history,64,0.2761715,0.6925166,13.4338579,0.1281329
LIBERO-90,L051,recap,1,0.0546414,0.9208733,25.4312401,0.0230258
LIBERO-90,L051,recap,2,0.0671749,0.8882338,22.1367874,0.0301861
LIBERO-90,L051,recap,3,0.0796869,0.8708859,20.2543545,0.0362008
LIBERO-90,L051,recap,4,0.0881808,0.8604594,19.0830212,0.0408933
LIBERO-90,L051,recap,5,0.095976,0.8550479,18.2805672,0.0448839
LIBERO-90,L051,recap,6,0.102617,0.85082,17.6541367,0.048422
LIBERO-90,L051,recap,7,0.10979,0.8459102,17.1698246,0.0514709
LIBERO-90,L051,recap,8,0.1156269,0.839972,16.790741,0.0540171
LIBERO-90,L051,recap,9,0.119899,0.8356092,16.4863415,0.0561856
LIBERO-90,L051,recap,10,0.1245861,0.8323462,16.2510509,0.0580661
LIBERO-90,L051,recap,11,0.1280144,0.8289112,16.0572548,0.0596142
LIBERO-90,L051,recap,12,0.1321197,0.8261485,15.9160948,0.060731
LIBERO-90,L051,recap,13,0.1347979,0.8243592,15.7626629,0.061904
LIBERO-90,L051,recap,14,0.1367491,0.8226982,15.638485,0.0629364
LIBERO-90,L051,recap,15,0.1407992,0.8231115,15.577858,0.0635231
LIBERO-90,L051,recap,16,0.140864,0.8228489,15.4691315,0.064455
LIBERO-90,L051,recap,17,0.1421644,0.8227599,15.3966637,0.0651497
LIBERO-90,L051,recap,18,0.1452801,0.8210115,15.2974415,0.0659889
LIBERO-90,L051,recap,19,0.1461605,0.8185925,15.2166834,0.066894
LIBERO-90,L051,recap,20,0.1482514,0.8158261,15.1209984,0.0678749
LIBERO-90,L051,recap,21,0.1502904,0.8143647,15.0578299,0.0685621
LIBERO-90,L051,recap,22,0.1528726,0.8095087,14.9807663,0.0697692
LIBERO-90,L051,recap,23,0.1549387,0.8068019,14.961091,0.0701151
LIBERO-90,L051,recap,24,0.1535066,0.8095323,14.9510689,0.0699928
LIBERO-90,L051,recap,25,0.1530653,0.8112402,14.935894,0.0701192
LIBERO-90,L051,recap,26,0.1543039,0.8112702,14.926075,0.0703599
LIBERO-90,L051,recap,27,0.1539544,0.8092794,14.8900976,0.0711066
LIBERO-90,L051,recap,28,0.1552379,0.8061566,14.8432159,0.0719064
LIBERO-90,L051,recap,29,0.156801,0.8062167,14.8140125,0.0723079
LIBERO-90,L051,recap,30,0.1559525,0.8057363,14.7751503,0.0727362
LIBERO-90,L051,recap,31,0.1561463,0.8051047,14.7376299,0.0731497
LIBERO-90,L051,recap,32,0.1572122,0.8045543,14.7134027,0.0734744
LIBERO-90,L051,recap,33,0.1575725,0.8042513,14.6894464,0.0737039
LIBERO-90,L051,recap,34,0.1574116,0.8036173,14.6645947,0.074015
LIBERO-90,L051,recap,35,0.1582057,0.8037409,14.6429834,0.0742119
LIBERO-90,L051,recap,36,0.1580163,0.8047934,14.6206169,0.0742873
LIBERO-90,L051,recap,37,0.1581398,0.804495,14.6033869,0.0745219
LIBERO-90,L051,recap,38,0.1588436,0.8021811,14.5755253,0.0750332
LIBERO-90,L051,recap,39,0.1602738,0.7986987,14.5617085,0.0754539
LIBERO-90,L051,recap,40,0.1622676,0.7925375,14.5169268,0.0764003
LIBERO-90,L051,recap,41,0.164263,0.787784,14.511879,0.0767465
LIBERO-90,L051,recap,42,0.1665614,0.7826707,14.4550228,0.0773292
LIBERO-90,L051,recap,43,0.16853,0.7800707,14.4480429,0.0776139
LIBERO-90,L051,recap,44,0.1724834,0.7758386,14.2999544,0.0799252
LIBERO-90,L051,recap,45,0.1766034,0.7743868,14.190217,0.0813881
LIBERO-90,L051,recap,46,0.1829322,0.7713565,14.1447487,0.0827766
LIBERO-90,L051,recap,47,0.1881238,0.7697865,14.1184855,0.0837482
LIBERO-90,L051,recap,48,0.1955421,0.7650401,13.9915104,0.0862372
LIBERO-90,L051,recap,49,0.2023238,0.7610315,13.8727646,0.088904
LIBERO-90,L051,recap,50,0.2069625,0.7572925,13.922328,0.0893686
LIBERO-90,L051,recap,51,0.2148906,0.752602,13.7451515,0.092103
LIBERO-90,L051,recap,52,0.2167585,0.7528566,13.7664137,0.0923801
LIBERO-90,L051,recap,53,0.2232749,0.7482315,13.7160358,0.0944784
LIBERO-90,L051,recap,54,0.2266005,0.7470217,13.7325211,0.0943498
LIBERO-90,L051,recap,55,0.2302047,0.7459833,13.6659698,0.0956507
LIBERO-90,L051,recap,56,0.235145,0.7434106,13.5715246,0.0969095
LIBERO-90,L051,recap,57,0.2415379,0.7409285,13.3013229,0.1010682
LIBERO-90,L051,recap,58,0.2442252,0.7411675,13.32234,0.1008858
LIBERO-90,L051,recap,59,0.2489488,0.7424803,13.3036623,0.1011996
LIBERO-90,L051,recap,60,0.2527239,0.742106,13.3093348,0.1011915
LIBERO-90,L051,recap,61,0.254071,0.7399319,13.2874784,0.1013083
LIBERO-90,L051,recap,62,0.2530361,0.7424852,13.2191048,0.1019216
LIBERO-90,L051,recap,63,0.2538911,0.7428285,13.2069225,0.1016742
LIBERO-90,L051,recap,64,0.254977,0.7431039,13.1287374,0.1021552
LIBERO-90,L052,full_history,1,0.0423823,0.9441289,27.3596172,0.0200571
LIBERO-90,L052,full_history,2,0.0564253,0.9089078,23.7959099,0.0261336
LIBERO-90,L052,full_history,3,0.0707577,0.8731768,21.1282368,0.0331819
LIBERO-90,L052,full_history,4,0.0860035,0.8495336,19.3311386,0.0400244
LIBERO-90,L052,full_history,5,0.0999571,0.8336126,17.8962288,0.0471879
LIBERO-90,L052,full_history,6,0.1147486,0.8213241,16.8946877,0.0539274
LIBERO-90,L052,full_history,7,0.1278183,0.8111998,16.0918503,0.0604266
LIBERO-90,L052,full_history,8,0.1401435,0.8041817,15.5262709,0.0657394
LIBERO-90,L052,full_history,9,0.1526767,0.7992984,15.0932331,0.0702261
LIBERO-90,L052,full_history,10,0.1597798,0.7943676,14.7612572,0.0741353
LIBERO-90,L052,full_history,11,0.167748,0.7894065,14.4987392,0.0769074
LIBERO-90,L052,full_history,12,0.1748631,0.7873649,14.3038416,0.0790437
LIBERO-90,L052,full_history,13,0.1835944,0.7838616,14.1158657,0.081376
LIBERO-90,L052,full_history,14,0.1889397,0.7824932,14.0687485,0.0833232
LIBERO-90,L052,full_history,15,0.1957746,0.7814988,14.0059948,0.0883789
LIBERO-90,L052,full_history,16,0.2004344,0.778574,13.9931717,0.0930019
LIBERO-90,L052,full_history,17,0.2027493,0.7729503,14.0671921,0.0953059
LIBERO-90,L052,full_history,18,0.206691,0.7698338,14.007782,0.0974113
LIBERO-90,L052,full_history,19,0.2083464,0.7655631,13.9958944,0.0987633
LIBERO-90,L052,full_history,20,0.2132836,0.7611459,13.9677134,0.1006801
LIBERO-90,L052,full_history,21,0.2137724,0.760529,13.9717722,0.1024196
LIBERO-90,L052,full_history,22,0.2166527,0.7585923,14.0677433,0.1042286
LIBERO-90,L052,full_history,23,0.2195225,0.7538236,14.0533733,0.1066039
LIBERO-90,L052,full_history,24,0.2222861,0.747358,14.18048,0.1088695
LIBERO-90,L052,full_history,25,0.2226454,0.7443175,14.101573,0.1117083
LIBERO-90,L052,full_history,26,0.2249627,0.7408686,13.9895267,0.1170347
LIBERO-90,L052,full_history,27,0.2279063,0.743899,13.8506336,0.1189301
LIBERO-90,L052,full_history,28,0.2291682,0.7394716,13.6319723,0.1211604
LIBERO-90,L052,full_history,29,0.2320807,0.7348298,13.3880816,0.1242017
LIBERO-90,L052,full_history,30,0.2348169,0.7308675,13.267046,0.1259663
LIBERO-90,L052,full_history,31,0.237437,0.7333887,13.2721128,0.1270114
LIBERO-90,L052,full_history,32,0.2407111,0.7357305,13.3356895,0.1261661
LIBERO-90,L052,full_history,33,0.2428658,0.7345768,13.3532352,0.1265206
LIBERO-90,L052,full_history,34,0.2444787,0.7346343,13.3585653,0.1258999
LIBERO-90,L052,full_history,35,0.2441815,0.7353305,13.4273148,0.1247065
LIBERO-90,L052,full_history,36,0.2460227,0.7348608,13.4998589,0.1239221
LIBERO-90,L052,full_history,37,0.2436708,0.7344336,13.5827532,0.1214132
LIBERO-90,L052,full_history,38,0.2454365,0.7345014,13.6398525,0.1202812
LIBERO-90,L052,full_history,39,0.2459143,0.7352059,13.7057343,0.1191861
LIBERO-90,L052,full_history,40,0.2471774,0.7367892,13.8204689,0.1169924
LIBERO-90,L052,full_history,41,0.2477247,0.7330222,13.8022251,0.1177252
LIBERO-90,L052,full_history,42,0.2512151,0.7293261,13.7668934,0.1181188
LIBERO-90,L052,full_history,43,0.2538722,0.7282882,13.8003311,0.1172757
LIBERO-90,L052,full_history,44,0.2536574,0.7263333,13.7875319,0.1152945
LIBERO-90,L052,full_history,45,0.2516641,0.7312654,13.9523172,0.112414
LIBERO-90,L052,full_history,46,0.2498515,0.7347825,14.0502472,0.1102685
LIBERO-90,L052,full_history,47,0.2507724,0.7361141,14.1847944,0.1091643
LIBERO-90,L052,full_history,48,0.2514243,0.7347648,14.2258749,0.1094202
LIBERO-90,L052,full_history,49,0.2479641,0.7392832,14.7984543,0.1038117
LIBERO-90,L052,full_history,50,0.2482601,0.7419634,14.9431782,0.1019185
LIBERO-90,L052,full_history,51,0.2492596,0.7397673,14.9565392,0.1016149
LIBERO-90,L052,full_history,52,0.251055,0.7401464,15.0123158,0.1005618
LIBERO-90,L052,full_history,53,0.2525012,0.7378391,14.9209929,0.1012805
LIBERO-90,L052,full_history,54,0.2528214,0.7366136,14.8301468,0.1014335
LIBERO-90,L052,full_history,55,0.2541668,0.7337629,14.6773701,0.1030158
LIBERO-90,L052,full_history,56,0.2558147,0.7318271,14.6223021,0.1039659
LIBERO-90,L052,full_history,57,0.2594513,0.7290981,14.365715,0.1065856
LIBERO-90,L052,full_history,58,0.2617046,0.7214165,13.6296597,0.1145934
LIBERO-90,L052,full_history,59,0.2630774,0.7220137,13.5572624,0.1154135
LIBERO-90,L052,full_history,60,0.266118,0.7207543,13.4761066,0.1190092
LIBERO-90,L052,full_history,61,0.2664305,0.7203071,13.5543785,0.118328
LIBERO-90,L052,full_history,62,0.2698333,0.7155237,13.3791866,0.1206922
LIBERO-90,L052,full_history,63,0.2723472,0.7137426,13.3421097,0.1211338
LIBERO-90,L052,full_history,64,0.2740813,0.7134058,13.2970543,0.1226953
LIBERO-90,L052,recap,1,0.0422109,0.9438034,27.3149395,0.0200271
LIBERO-90,L052,recap,2,0.056163,0.9086699,23.7719746,0.0260908
LIBERO-90,L052,recap,3,0.0704603,0.8730287,21.1136475,0.0331361
LIBERO-90,L052,recap,4,0.0856699,0.8494516,19.3214741,0.039974
LIBERO-90,L052,recap,5,0.099607,0.8335533,17.8898067,0.0471351
LIBERO-90,L052,recap,6,0.1144289,0.8212677,16.8901176,0.0538704
LIBERO-90,L052,recap,7,0.1275028,0.8111586,16.08885,0.0603614
LIBERO-90,L052,recap,8,0.1397886,0.8041666,15.5241127,0.0656693
LIBERO-90,L052,recap,9,0.1522954,0.7993011,15.0904732,0.0701361
LIBERO-90,L052,recap,10,0.1599663,0.7944444,14.7534752,0.0739505
LIBERO-90,L052,recap,11,0.1675689,0.7890308,14.4662189,0.077356
LIBERO-90,L052,recap,12,0.1747258,0.7865547,14.2696753,0.0799999
LIBERO-90,L052,recap,13,0.1831374,0.782455,14.0768986,0.0827662
LIBERO-90,L052,recap,14,0.188779,0.7798401,13.9442368,0.0845701
LIBERO-90,L052,recap,15,0.1947462,0.7787536,13.8414202,0.0862897
LIBERO-90,L052,recap,16,0.1984446,0.7754023,13.7320175,0.0883534
LIBERO-90,L052,recap,17,0.2010639,0.7717186,13.6453686,0.0902107
LIBERO-90,L052,recap,18,0.2022364,0.768936,13.5604439,0.0919073
LIBERO-90,L052,recap,19,0.2027589,0.7678584,13.5022125,0.0930777
LIBERO-90,L052,recap,20,0.2064376,0.7657954,13.4579268,0.0940363
LIBERO-90,L052,recap,21,0.2071828,0.7672139,13.4459162,0.0942464
LIBERO-90,L052,recap,22,0.2077862,0.7697265,13.4536934,0.0943506
LIBERO-90,L052,recap,23,0.2092453,0.7698325,13.4396534,0.0945905
LIBERO-90,L052,recap,24,0.209625,0.7697833,13.4192924,0.0949006
LIBERO-90,L052,recap,25,0.2087152,0.770115,13.3924904,0.0954251
LIBERO-90,L052,recap,26,0.2088781,0.7711833,13.312233,0.0966416
LIBERO-90,L052,recap,27,0.2124045,0.7707812,13.1778908,0.0985208
LIBERO-90,L052,recap,28,0.2149152,0.7658193,13.0198345,0.1010137
LIBERO-90,L052,recap,29,0.2192851,0.7601368,12.856348,0.103644
LIBERO-90,L052,recap,30,0.2225604,0.7564018,12.726449,0.1057653
LIBERO-90,L052,recap,31,0.2262881,0.7541702,12.6565256,0.1071214
LIBERO-90,L052,recap,32,0.2300548,0.7506962,12.6261663,0.1078014
LIBERO-90,L052,recap,33,0.2317784,0.7494074,12.6473627,0.1078853
LIBERO-90,L052,recap,34,0.2345372,0.7497758,12.7153645,0.1070577
LIBERO-90,L052,recap,35,0.2368455,0.7492533,12.7827311,0.1062311
LIBERO-90,L052,recap,36,0.2389109,0.7485698,12.8607998,0.1050762
LIBERO-90,L052,recap,37,0.2381707,0.7473034,12.9225206,0.1039422
LIBERO-90,L052,recap,38,0.2399788,0.7480808,12.9936008,0.1026841
LIBERO-90,L052,recap,39,0.240558,0.7491034,13.0545387,0.1017505
LIBERO-90,L052,recap,40,0.2422549,0.7491106,13.11022,0.1010396
LIBERO-90,L052,recap,41,0.24297,0.7484206,13.1405354,0.1007458
LIBERO-90,L052,recap,42,0.2452436,0.7477486,13.1723204,0.1004238
LIBERO-90,L052,recap,43,0.2472734,0.7471319,13.1900301,0.1001266
LIBERO-90,L052,recap,44,0.2482026,0.7468735,13.2094088,0.0998124
LIBERO-90,L052,recap,45,0.2475331,0.748602,13.2454338,0.0993322
LIBERO-90,L052,recap,46,0.245896,0.7497428,13.2718573,0.0989424
LIBERO-90,L052,recap,47,0.2474596,0.7499267,13.2664795,0.098901
LIBERO-90,L052,recap,48,0.2481183,0.7488808,13.273138,0.0987414
LIBERO-90,L052,recap,49,0.2468102,0.7487394,13.2638845,0.0986935
LIBERO-90,L052,recap,50,0.2482781,0.7480462,13.2564526,0.0986666
LIBERO-90,L052,recap,51,0.2495567,0.7466166,13.2226286,0.0990299
LIBERO-90,L052,recap,52,0.251927,0.7458846,13.1672649,0.0997198
LIBERO-90,L052,recap,53,0.2532881,0.7443924,13.0883932,0.1007218
LIBERO-90,L052,recap,54,0.2531866,0.7444994,13.0114126,0.1016089
LIBERO-90,L052,recap,55,0.2543598,0.7440437,12.9086599,0.102854
LIBERO-90,L052,recap,56,0.2555286,0.74138,12.7978191,0.104244
LIBERO-90,L052,recap,57,0.2586447,0.7394304,12.695015,0.1054738
LIBERO-90,L052,recap,58,0.2585643,0.7393559,12.6086226,0.1066235
LIBERO-90,L052,recap,59,0.2597364,0.7405348,12.559021,0.1072135
LIBERO-90,L052,recap,60,0.2616294,0.7409308,12.4893322,0.1080802
LIBERO-90,L052,recap,61,0.2634269,0.7387956,12.4040012,0.1089825
LIBERO-90,L052,recap,62,0.2642847,0.7383584,12.3518105,0.1093822
LIBERO-90,L052,recap,63,0.2654582,0.7374477,12.3293457,0.1096063
LIBERO-90,L052,recap,64,0.2663291,0.7373342,12.3324404,0.109345
LIBERO-90,L061,full_history,1,0.0555027,0.9295031,28.8805733,0.0175877
LIBERO-90,L061,full_history,2,0.0643687,0.9220679,28.7507458,0.0186853
LIBERO-90,L061,full_history,3,0.0676965,0.9175584,28.1640396,0.0198995
LIBERO-90,L061,full_history,4,0.0729803,0.9118867,27.6193066,0.0212503
LIBERO-90,L061,full_history,5,0.0777141,0.9140203,27.7014942,0.0213597
LIBERO-90,L061,full_history,6,0.0796896,0.9080683,27.6844368,0.0207845
LIBERO-90,L061,full_history,7,0.0794247,0.9119779,27.2840347,0.0210631
LIBERO-90,L061,full_history,8,0.0825312,0.9087403,27.3037357,0.0209397
LIBERO-90,L061,full_history,9,0.0837331,0.9146598,28.1986046,0.0199677
LIBERO-90,L061,full_history,10,0.0882687,0.9111445,27.7844696,0.0206008
LIBERO-90,L061,full_history,11,0.0945331,0.8939323,26.7737656,0.0220588
LIBERO-90,L061,full_history,12,0.1102143,0.8699343,24.6805687,0.0259681
LIBERO-90,L061,full_history,13,0.1221643,0.8617634,23.2716465,0.0294352
LIBERO-90,L061,full_history,14,0.1310042,0.8549441,22.3692856,0.0332508
LIBERO-90,L061,full_history,15,0.13507,0.854718,21.9257011,0.0361584
LIBERO-90,L061,full_history,16,0.1394761,0.8525211,21.3813248,0.0398631
LIBERO-90,L061,full_history,17,0.1472845,0.8516681,21.5063,0.0409956
LIBERO-90,L061,full_history,18,0.152751,0.8495693,21.4713058,0.0422386
LIBERO-90,L061,full_history,19,0.1566547,0.8538076,21.8512115,0.0404675
LIBERO-90,L061,full_history,20,0.1567247,0.861628,22.5698757,0.0382442
LIBERO-90,L061,full_history,21,0.1610294,0.8604303,22.5402184,0.0386943
LIBERO-90,L061,full_history,22,0.1636771,0.8501198,21.9010754,0.0426068
LIBERO-90,L061,full_history,23,0.1800177,0.8356383,21.0274696,0.0460154
LIBERO-90,L061,full_history,24,0.1853749,0.8300213,20.3922348,0.0496267
LIBERO-90,L061,full_history,25,0.1910684,0.8241857,19.7699032,0.0533474
LIBERO-90,L061,full_history,26,0.1927616,0.8236641,19.4720879,0.0550261
LIBERO-90,L061,full_history,27,0.1965739,0.8203357,19.3097858,0.0556464
LIBERO-90,L061,full_history,28,0.19923,0.816688,19.0311546,0.0566378
LIBERO-90,L061,full_history,29,0.2036543,0.8143615,18.8436832,0.0576874
LIBERO-90,L061,full_history,30,0.2077719,0.8096697,18.6966591,0.058192
LIBERO-90,L061,full_history,31,0.2130043,0.806217,18.5579834,0.0599493
LIBERO-90,L061,full_history,32,0.2153866,0.8042899,18.3866673,0.0606553
LIBERO-90,L061,full_history,33,0.219548,0.7996718,18.0250301,0.0634772
LIBERO-90,L061,full_history,34,0.2228964,0.7959335,17.7471962,0.0654149
LIBERO-90,L061,full_history,35,0.2253432,0.7929064,17.4838219,0.0674345
LIBERO-90,L061,full_history,36,0.2294157,0.7893794,17.2670269,0.0691397
LIBERO-90,L061,full_history,37,0.2310346,0.7898818,17.1296425,0.0700589
LIBERO-90,L061,full_history,38,0.2313984,0.7915838,16.9361649,0.0724103
LIBERO-90,L061,full_history,39,0.233235,0.7914656,16.7628517,0.0754205
LIBERO-90,L061,full_history,40,0.235975,0.7921242,16.6931992,0.0765226
LIBERO-90,L061,full_history,41,0.2389375,0.7901819,16.6723804,0.0761647
LIBERO-90,L061,full_history,42,0.2392951,0.7886147,16.6497211,0.0762393
LIBERO-90,L061,full_history,43,0.2433813,0.7819961,16.4169083,0.0786694
LIBERO-90,L061,full_history,44,0.2489203,0.7756977,15.8188162,0.0834403
LIBERO-90,L061,full_history,45,0.2509737,0.774928,15.7810869,0.0841539
LIBERO-90,L061,full_history,46,0.2513371,0.7791279,15.9340277,0.0827152
LIBERO-90,L061,full_history,47,0.2494955,0.7819797,15.9900045,0.0822634
LIBERO-90,L061,full_history,48,0.2559483,0.7743455,15.779767,0.0841107
LIBERO-90,L061,full_history,49,0.2577209,0.7714207,15.6204567,0.0862526
LIBERO-90,L061,full_history,50,0.2580753,0.769681,15.4953518,0.0874618
LIBERO-90,L061,full_history,51,0.2581556,0.7686514,15.4316196,0.0884489
LIBERO-90,L061,full_history,52,0.2601022,0.764308,15.3021145,0.0902802
LIBERO-90,L061,full_history,53,0.2604039,0.7599712,15.1904602,0.091286
LIBERO-90,L061,full_history,54,0.262206,0.7561672,15.0919018,0.0923346
LIBERO-90,L061,full_history,55,0.2736044,0.7080089,14.8440218,0.0954856
LIBERO-90,L061,full_history,56,0.2787521,0.6986828,14.762063,0.0966776
LIBERO-90,L061,full_history,57,0.2797583,0.6927619,14.7342215,0.0969771
LIBERO-90,L061,full_history,58,0.2814469,0.6968587,14.7334671,0.0975962
LIBERO-90,L061,full_history,59,0.2844287,0.6957943,14.7628012,0.0978395
LIBERO-90,L061,full_history,60,0.2861836,0.6958567,14.7192078,0.0977321
LIBERO-90,L061,full_history,61,0.2855064,0.6952629,14.5279417,0.0996946
LIBERO-90,L061,full_history,62,0.2853749,0.6968847,14.3498802,0.1013823
LIBERO-90,L061,full_history,63,0.2822839,0.6973285,14.3817701,0.1005635
LIBERO-90,L061,full_history,64,0.278236,0.6979851,14.4566422,0.0990359
LIBERO-90,L061,recap,1,0.0558621,0.9290075,28.8689728,0.0175686
LIBERO-90,L061,recap,2,0.063901,0.9238161,28.7794724,0.0193278
LIBERO-90,L061,recap,3,0.0662524,0.9234158,28.5032845,0.0201492
LIBERO-90,L061,recap,4,0.0677326,0.9199534,28.6136703,0.0191671
LIBERO-90,L061,recap,5,0.0723155,0.924291,28.5567474,0.0205055
LIBERO-90,L061,recap,6,0.0778718,0.9074023,27.2532692,0.02227
LIBERO-90,L061,recap,7,0.0803948,0.9073575,26.9043427,0.0222373
LIBERO-90,L061,recap,8,0.088513,0.8988832,26.0496826,0.0233597
LIBERO-90,L061,recap,9,0.0873718,0.9051772,26.7365627,0.0226652
LIBERO-90,L061,recap,10,0.0899071,0.9058254,27.0558167,0.0221633
LIBERO-90,L061,recap,11,0.0947691,0.9047465,27.2002182,0.0217595
LIBERO-90,L061,recap,12,0.0917898,0.9044404,27.301815,0.0212779
LIBERO-90,L061,recap,13,0.0952865,0.9010819,26.8948326,0.0221783
LIBERO-90,L061,recap,14,0.092559,0.9041634,27.8468781,0.0197243
LIBERO-90,L061,recap,15,0.0964577,0.9002278,27.3175793,0.0205356
LIBERO-90,L061,recap,16,0.0957392,0.9029438,27.1773319,0.0201979
LIBERO-90,L061,recap,17,0.0998516,0.9010179,27.026186,0.0202116
LIBERO-90,L061,recap,18,0.1037228,0.9023234,27.1704006,0.019751
LIBERO-90,L061,recap,19,0.1046291,0.9052637,27.241785,0.0202062
LIBERO-90,L061,recap,20,0.1046576,0.9052917,27.1257133,0.0196468
LIBERO-90,L061,recap,21,0.1072633,0.9060228,27.4408436,0.0188012
LIBERO-90,L061,recap,22,0.1090119,0.903664,26.8856602,0.0197106
LIBERO-90,L061,recap,23,0.1093876,0.9000309,26.5824509,0.0203796
LIBERO-90,L061,recap,24,0.1102224,0.8968935,25.9514389,0.0217815
LIBERO-90,L061,recap,25,0.1139668,0.8936834,25.3176098,0.0228419
LIBERO-90,L061,recap,26,0.1175124,0.8934471,24.830864,0.0234532
LIBERO-90,L061,recap,27,0.12,0.8891069,23.7806549,0.0256072
LIBERO-90,L061,recap,28,0.1198811,0.8902872,23.7245064,0.0255067
LIBERO-90,L061,recap,29,0.1224138,0.8857145,23.8445663,0.0256489
LIBERO-90,L061,recap,30,0.121281,0.8888541,24.4318848,0.0248688
LIBERO-90,L061,recap,31,0.1224315,0.8875866,24.6700764,0.0251375
LIBERO-90,L061,recap,32,0.1174078,0.8877919,25.2197189,0.0250051
LIBERO-90,L061,recap,33,0.1186769,0.8884526,25.2750187,0.0254149
LIBERO-90,L061,recap,34,0.1225085,0.8917277,25.570364,0.0253309
LIBERO-90,L061,recap,35,0.1263058,0.8867083,25.6734657,0.0252586
LIBERO-90,L061,recap,36,0.1291286,0.8830522,25.4865837,0.026482
LIBERO-90,L061,recap,37,0.1274602,0.8844962,25.5813141,0.0261658
LIBERO-90,L061,recap,38,0.1277996,0.8882527,25.5753345,0.026543
LIBERO-90,L061,recap,39,0.129571,0.8826086,25.0377731,0.028016
LIBERO-90,L061,recap,40,0.1319481,0.8860877,24.874897,0.028337
LIBERO-90,L061,recap,41,0.1338045,0.8804469,24.8451462,0.0293885
LIBERO-90,L061,recap,42,0.1320964,0.8858652,25.3619003,0.029028
LIBERO-90,L061,recap,43,0.1387974,0.8790987,24.1856937,0.0309375
LIBERO-90,L061,recap,44,0.139533,0.8822232,24.1486931,0.0310317
LIBERO-90,L061,recap,45,0.143061,0.8824639,24.3047714,0.0304413
LIBERO-90,L061,recap,46,0.1421983,0.8814269,25.0790215,0.0305487
LIBERO-90,L061,recap,47,0.1409747,0.881663,24.5218067,0.0311166
LIBERO-90,L061,recap,48,0.1440555,0.8792508,24.1055126,0.0315906
LIBERO-90,L061,recap,49,0.1459104,0.8767647,22.5712223,0.0363353
LIBERO-90,L061,recap,50,0.1463701,0.8683001,22.3048439,0.0376413
LIBERO-90,L061,recap,51,0.1446148,0.8737022,22.9726582,0.0372679
LIBERO-90,L061,recap,52,0.1463722,0.8684852,22.7890778,0.0382476
LIBERO-90,L061,recap,53,0.1438914,0.8719352,22.6412201,0.0380264
LIBERO-90,L061,recap,54,0.144319,0.8709204,22.0501785,0.0402107
LIBERO-90,L061,recap,55,0.1607651,0.8153315,20.8708572,0.0465878
LIBERO-90,L061,recap,56,0.1698762,0.8025579,20.3776264,0.0495837
LIBERO-90,L061,recap,57,0.1753231,0.7872332,19.8382301,0.0526009
LIBERO-90,L061,recap,58,0.1797469,0.7843657,19.5908623,0.0539807
LIBERO-90,L061,recap,59,0.1849793,0.7790055,19.4439526,0.0550312
LIBERO-90,L061,recap,60,0.1865689,0.7769633,19.302536,0.0562322
LIBERO-90,L061,recap,61,0.187722,0.7808074,19.0316162,0.0577715
LIBERO-90,L061,recap,62,0.1904743,0.7840813,18.5122757,0.0593712
LIBERO-90,L061,recap,63,0.1898307,0.7824382,18.5149231,0.0588704
LIBERO-90,L061,recap,64,0.1891328,0.7768103,18.5596352,0.0577475
LIBERO-90,L062,full_history,1,0.0475204,0.9466197,30.7515507,0.0153097
LIBERO-90,L062,full_history,2,0.0520218,0.9405136,29.4401054,0.0181093
LIBERO-90,L062,full_history,3,0.0568085,0.9340045,28.6856251,0.0180841
LIBERO-90,L062,full_history,4,0.0589477,0.929449,28.4674988,0.0191989
LIBERO-90,L062,full_history,5,0.0641435,0.9164536,27.533905,0.0205111
LIBERO-90,L062,full_history,6,0.0683715,0.9213508,27.593483,0.0207534
LIBERO-90,L062,full_history,7,0.0705541,0.9183774,27.3268414,0.02032
LIBERO-90,L062,full_history,8,0.0731274,0.9189684,27.5838203,0.0197072
LIBERO-90,L062,full_history,9,0.0781332,0.9197131,27.6204033,0.0189492
LIBERO-90,L062,full_history,10,0.0803528,0.9164364,26.854784,0.0204363
LIBERO-90,L062,full_history,11,0.0864291,0.9086717,25.9324741,0.0226143
LIBERO-90,L062,full_history,12,0.0961227,0.8846013,24.8814793,0.0247245
LIBERO-90,L062,full_history,13,0.1110526,0.868799,23.6993809,0.0284003
LIBERO-90,L062,full_history,14,0.1163532,0.8595581,23.0725021,0.0301659
LIBERO-90,L062,full_history,15,0.1286747,0.8523359,22.2751541,0.0346199
LIBERO-90,L062,full_history,16,0.1336221,0.8544172,22.1635399,0.0374707
LIBERO-90,L062,full_history,17,0.1363747,0.8494731,21.75243,0.0396988
LIBERO-90,L062,full_history,18,0.1395963,0.8468057,21.7288628,0.0412491
LIBERO-90,L062,full_history,19,0.1445176,0.8466672,21.8137474,0.0421649
LIBERO-90,L062,full_history,20,0.1511615,0.8443757,21.4722862,0.0431376
LIBERO-90,L062,full_history,21,0.1537353,0.8478294,21.2452164,0.044139
LIBERO-90,L062,full_history,22,0.1593443,0.8460681,20.7777042,0.045895
LIBERO-90,L062,full_history,23,0.1772632,0.8281596,19.9832115,0.0511948
LIBERO-90,L062,full_history,24,0.1804316,0.8269168,19.387413,0.0539571
LIBERO-90,L062,full_history,25,0.1858036,0.8190771,19.0523548,0.0559512
LIBERO-90,L062,full_history,26,0.1898732,0.8194214,18.8582954,0.0572959
LIBERO-90,L062,full_history,27,0.1941155,0.8164558,18.6404152,0.0589419
LIBERO-90,L062,full_history,28,0.1984067,0.8150383,18.436615,0.0605481
LIBERO-90,L062,full_history,29,0.2042198,0.8090027,18.1113281,0.0629049
LIBERO-90,L062,full_history,30,0.2070248,0.807495,17.9167328,0.0638061
LIBERO-90,L062,full_history,31,0.2110186,0.8054184,17.7463188,0.0653458
LIBERO-90,L062,full_history,32,0.2175747,0.8005627,17.4885159,0.068203
LIBERO-90,L062,full_history,33,0.2216789,0.7949014,17.2647839,0.069979
LIBERO-90,L062,full_history,34,0.2238625,0.7917553,17.1368904,0.0705894
LIBERO-90,L062,full_history,35,0.2268081,0.7860418,16.9359341,0.0725605
LIBERO-90,L062,full_history,36,0.2285918,0.7870272,16.7446671,0.0741459
LIBERO-90,L062,full_history,37,0.2324049,0.7851645,16.5204277,0.0757994
LIBERO-90,L062,full_history,38,0.2347696,0.7848021,16.3918114,0.0769726
LIBERO-90,L062,full_history,39,0.2380432,0.7859982,16.2005444,0.0779622
LIBERO-90,L062,full_history,40,0.2372055,0.785947,16.1048584,0.0786959
LIBERO-90,L062,full_history,41,0.2388796,0.7861918,16.0495853,0.078761
LIBERO-90,L062,full_history,42,0.2411912,0.7810943,15.8154697,0.0813108
LIBERO-90,L062,full_history,43,0.2446897,0.7773131,15.2190104,0.0866645
LIBERO-90,L062,full_history,44,0.2426821,0.7784074,15.1872625,0.0872357
LIBERO-90,L062,full_history,45,0.2430731,0.778228,15.1556883,0.0876539
LIBERO-90,L062,full_history,46,0.241843,0.7809718,15.1293545,0.0869039
LIBERO-90,L062,full_history,47,0.2427025,0.7793206,14.8680973,0.0906648
LIBERO-90,L062,full_history,48,0.2428499,0.7791725,14.796463,0.0909945
LIBERO-90,L062,full_history,49,0.2427163,0.7810439,14.810194,0.0902565
LIBERO-90,L062,full_history,50,0.2449658,0.7779712,14.8891554,0.0898505
LIBERO-90,L062,full_history,51,0.2457692,0.7756715,14.7369051,0.0907033
LIBERO-90,L062,full_history,52,0.2470762,0.7769368,14.6845245,0.090891
LIBERO-90,L062,full_history,53,0.2488024,0.777244,14.6246662,0.0916332
LIBERO-90,L062,full_history,54,0.248362,0.7763034,14.5687571,0.0933394
LIBERO-90,L062,full_history,55,0.2501978,0.7734702,14.3922291,0.0949785
LIBERO-90,L062,full_history,56,0.2524282,0.7654653,14.2097235,0.0971333
LIBERO-90,L062,full_history,57,0.2532741,0.7656606,14.059433,0.0984639
LIBERO-90,L062,full_history,58,0.253527,0.7638153,13.9144096,0.1004235
LIBERO-90,L062,full_history,59,0.2551036,0.7618642,13.7435732,0.1011616
LIBERO-90,L062,full_history,60,0.2570561,0.7501953,13.6727467,0.101354
LIBERO-90,L062,full_history,61,0.2568775,0.7505889,13.6139021,0.1012869
LIBERO-90,L062,full_history,62,0.2586071,0.7486715,13.5824156,0.1016593
LIBERO-90,L062,full_history,63,0.2611336,0.7332354,13.563879,0.102632
LIBERO-90,L062,full_history,64,0.2645578,0.7182902,13.5099936,0.1045844
LIBERO-90,L062,recap,1,0.0471699,0.9481474,30.9721031,0.0152606
LIBERO-90,L062,recap,2,0.0512342,0.9419916,29.6851997,0.0175839
LIBERO-90,L062,recap,3,0.0564177,0.9329841,28.5442734,0.0185514
LIBERO-90,L062,recap,4,0.0600012,0.9285002,28.2855186,0.0200229
LIBERO-90,L062,recap,5,0.0636806,0.9168101,27.5322914,0.0208205
LIBERO-90,L062,recap,6,0.0679366,0.9195839,27.4618416,0.0208731
LIBERO-90,L062,recap,7,0.0702597,0.9147762,27.0382519,0.020794
LIBERO-90,L062,recap,8,0.074463,0.9193835,27.4977493,0.019474
LIBERO-90,L062,recap,9,0.0854339,0.9142834,26.7044067,0.0200008
LIBERO-90,L062,recap,10,0.0851457,0.9160859,27.3193436,0.0193364
LIBERO-90,L062,recap,11,0.0867604,0.9115106,27.2689247,0.0196814
LIBERO-90,L062,recap,12,0.0968781,0.8997987,26.0721207,0.0211362
LIBERO-90,L062,recap,13,0.1043244,0.8932072,25.8343964,0.022125
LIBERO-90,L062,recap,14,0.1071725,0.8920131,25.5321999,0.0218357
LIBERO-90,L062,recap,15,0.1112706,0.8863723,24.7370872,0.0237364
LIBERO-90,L062,recap,16,0.1150311,0.8817375,24.5354576,0.0243896
LIBERO-90,L062,recap,17,0.1191297,0.8867648,24.6585617,0.0239666
LIBERO-90,L062,recap,18,0.1191671,0.8880847,24.9795189,0.0231116
LIBERO-90,L062,recap,19,0.1209643,0.8849848,24.9433498,0.0233669
LIBERO-90,L062,recap,20,0.124083,0.8824849,24.8348503,0.0232693
LIBERO-90,L062,recap,21,0.121699,0.8865429,25.0988941,0.0229226
LIBERO-90,L062,recap,22,0.1229101,0.8842761,24.9957371,0.0233089
LIBERO-90,L062,recap,23,0.1251546,0.8830819,24.5975685,0.0241238
LIBERO-90,L062,recap,24,0.1248138,0.8822861,24.2477455,0.0246541
LIBERO-90,L062,recap,25,0.1252927,0.8799496,23.4628105,0.0269725
LIBERO-90,L062,recap,26,0.1226466,0.884125,23.739851,0.0259343
LIBERO-90,L062,recap,27,0.1262447,0.8839897,23.816206,0.025348
LIBERO-90,L062,recap,28,0.1195863,0.8903924,24.0536156,0.0242431
LIBERO-90,L062,recap,29,0.128933,0.8855743,23.9886703,0.0250038
LIBERO-90,L062,recap,30,0.1263646,0.884253,24.3143005,0.0242731
LIBERO-90,L062,recap,31,0.1235911,0.8830193,24.32337,0.0244408
LIBERO-90,L062,recap,32,0.1253581,0.8805266,24.6906013,0.0246201
LIBERO-90,L062,recap,33,0.130352,0.879546,24.8466587,0.0247966
LIBERO-90,L062,recap,34,0.1316746,0.8764422,24.4413548,0.0264118
LIBERO-90,L062,recap,35,0.1286469,0.8826151,24.9105434,0.0266922
LIBERO-90,L062,recap,36,0.1314531,0.8744233,24.3215847,0.0282867
LIBERO-90,L062,recap,37,0.1381521,0.8700878,24.0718498,0.0285915
LIBERO-90,L062,recap,38,0.1394185,0.8675443,23.5742397,0.0311263
LIBERO-90,L062,recap,39,0.1396137,0.8630687,23.2872753,0.0328366
LIBERO-90,L062,recap,40,0.1418125,0.8593402,23.1960697,0.0332142
LIBERO-90,L062,recap,41,0.1430594,0.857161,23.1941605,0.0339286
LIBERO-90,L062,recap,42,0.1468367,0.84847,22.1825714,0.0373309
LIBERO-90,L062,recap,43,0.1578717,0.8466895,20.6910419,0.0418384
LIBERO-90,L062,recap,44,0.1474146,0.8582361,22.938776,0.0367009
LIBERO-90,L062,recap,45,0.1495718,0.8564721,22.8200874,0.037402
LIBERO-90,L062,recap,46,0.1469129,0.8622059,22.9483681,0.0366585
LIBERO-90,L062,recap,47,0.1490361,0.8603857,23.0661373,0.0381881
LIBERO-90,L062,recap,48,0.1476995,0.8616129,22.8983002,0.0376219
LIBERO-90,L062,recap,49,0.1491777,0.8652756,22.8608685,0.0370517
LIBERO-90,L062,recap,50,0.1542177,0.8592768,22.6174526,0.0383403
LIBERO-90,L062,recap,51,0.1579115,0.8503552,21.9439583,0.0400968
LIBERO-90,L062,recap,52,0.1586392,0.8459603,21.4541149,0.0411795
LIBERO-90,L062,recap,53,0.1602913,0.8471187,21.3387146,0.0414366
LIBERO-90,L062,recap,54,0.1620389,0.842381,21.1004543,0.0430572
LIBERO-90,L062,recap,55,0.1613663,0.8424574,20.8732815,0.044897
LIBERO-90,L062,recap,56,0.1648193,0.8428131,20.8065796,0.0464302
LIBERO-90,L062,recap,57,0.1641096,0.8501464,20.4750214,0.0481912
LIBERO-90,L062,recap,58,0.1628408,0.8502355,20.0730476,0.0499707
LIBERO-90,L062,recap,59,0.1627788,0.8511248,19.7147484,0.0516545
LIBERO-90,L062,recap,60,0.1671865,0.8363977,19.4233971,0.0537476
LIBERO-90,L062,recap,61,0.1677403,0.8364487,19.3268738,0.0541507
LIBERO-90,L062,recap,62,0.1696129,0.8299007,19.1579876,0.0549039
LIBERO-90,L062,recap,63,0.1728304,0.8153626,19.0839767,0.0560699
LIBERO-90,L062,recap,64,0.1748513,0.7987014,18.9713249,0.0576762
LIBERO-90,L071,full_history,1,0.049174,0.9567709,30.918911,0.0150163
LIBERO-90,L071,full_history,2,0.0546093,0.9447728,28.9541798,0.0167899
LIBERO-90,L071,full_history,3,0.0591023,0.9296007,26.6725998,0.0189213
LIBERO-90,L071,full_history,4,0.0665474,0.9156139,24.8382111,0.0216959
LIBERO-90,L071,full_history,5,0.0750811,0.9048918,23.653471,0.0242855
LIBERO-90,L071,full_history,6,0.0834567,0.8941756,22.7249107,0.0268691
LIBERO-90,L071,full_history,7,0.0901075,0.8852007,22.0553989,0.0289246
LIBERO-90,L071,full_history,8,0.093725,0.8815185,21.6713734,0.0302583
LIBERO-90,L071,full_history,9,0.0958037,0.8813151,21.4157677,0.0315264
LIBERO-90,L071,full_history,10,0.0997688,0.8825333,21.3489838,0.0319457
LIBERO-90,L071,full_history,11,0.1027909,0.8787297,21.3013382,0.0324739
LIBERO-90,L071,full_history,12,0.1075837,0.8716608,21.128912,0.0334731
LIBERO-90,L071,full_history,13,0.1138246,0.8686271,21.0250874,0.0346666
LIBERO-90,L071,full_history,14,0.1199929,0.8630831,20.7845974,0.0376428
LIBERO-90,L071,full_history,15,0.1282993,0.8501198,20.4397945,0.0397203
LIBERO-90,L071,full_history,16,0.1375982,0.8367528,20.2779789,0.0428134
LIBERO-90,L071,full_history,17,0.14962,0.8273995,19.9616146,0.0453422
LIBERO-90,L071,full_history,18,0.1572106,0.8223629,19.7807331,0.0477981
LIBERO-90,L071,full_history,19,0.1641963,0.8173088,19.6029263,0.0500066
LIBERO-90,L071,full_history,20,0.1712458,0.8155404,19.2379417,0.053352
LIBERO-90,L071,full_history,21,0.17349,0.81785,19.3711376,0.0545318
LIBERO-90,L071,full_history,22,0.1772996,0.8192587,19.5211067,0.0540261
LIBERO-90,L071,full_history,23,0.1809554,0.820867,19.7550812,0.0526871
LIBERO-90,L071,full_history,24,0.1825947,0.8219416,19.9732265,0.0524374
LIBERO-90,L071,full_history,25,0.1834954,0.8220975,20.1649323,0.050701
LIBERO-90,L071,full_history,26,0.1852004,0.8220536,20.372242,0.0493376
LIBERO-90,L071,full_history,27,0.1878156,0.8224967,20.3305054,0.0485929
LIBERO-90,L071,full_history,28,0.1913452,0.8166885,19.9854298,0.0502602
LIBERO-90,L071,full_history,29,0.1973819,0.8167918,19.678833,0.0512487
LIBERO-90,L071,full_history,30,0.1996915,0.8162231,19.6261616,0.0512398
LIBERO-90,L071,full_history,31,0.2030808,0.8105547,19.3966675,0.0526863
LIBERO-90,L071,full_history,32,0.2041665,0.8084111,18.9542618,0.0555806
LIBERO-90,L071,full_history,33,0.2055252,0.8083102,18.7535782,0.0557916
LIBERO-90,L071,full_history,34,0.2083648,0.8055794,18.6954193,0.0558696
LIBERO-90,L071,full_history,35,0.2108653,0.8033019,18.69244,0.056287
LIBERO-90,L071,full_history,36,0.2149838,0.8014964,18.6114483,0.0569745
LIBERO-90,L071,full_history,37,0.218731,0.8002773,18.6263294,0.0573078
LIBERO-90,L071,full_history,38,0.2232206,0.7992249,18.7015495,0.057235
LIBERO-90,L071,full_history,39,0.2258657,0.7959214,18.6357422,0.0577188
LIBERO-90,L071,full_history,40,0.2313145,0.792115,18.6642513,0.0573055
LIBERO-90,L071,full_history,41,0.2349637,0.7899583,18.8100739,0.0568739
LIBERO-90,L071,full_history,42,0.2411809,0.7903567,18.9429836,0.0565508
LIBERO-90,L071,full_history,43,0.2493456,0.7814559,18.6820164,0.057828
LIBERO-90,L071,full_history,44,0.2685232,0.7752241,18.4125633,0.0597343
LIBERO-90,L071,full_history,45,0.2865394,0.7653768,18.0903549,0.0620079
LIBERO-90,L071,full_history,46,0.2722997,0.761291,17.7274876,0.0643527
LIBERO-90,L071,full_history,47,0.2810971,0.7542396,17.5652542,0.0663955
LIBERO-90,L071,full_history,48,0.2874236,0.7510414,17.4282951,0.067673
LIBERO-90,L071,full_history,49,0.2932206,0.7476293,17.3920593,0.0686107
LIBERO-90,L071,full_history,50,0.2971917,0.7453173,17.2746582,0.0699618
LIBERO-90,L071,full_history,51,0.3003363,0.7412162,17.1064644,0.0721844
LIBERO-90,L071,full_history,52,0.3025875,0.7419743,16.9918175,0.0736314
LIBERO-90,L071,full_history,53,0.3030943,0.7413827,16.9612865,0.074663
LIBERO-90,L071,full_history,54,0.3012579,0.7414241,16.9578419,0.0755732
LIBERO-90,L071,full_history,55,0.2997483,0.7446822,16.8841438,0.0771196
LIBERO-90,L071,full_history,56,0.3027504,0.7406119,16.6511402,0.0789967
LIBERO-90,L071,full_history,57,0.3074909,0.736238,16.4463482,0.0809871
LIBERO-90,L071,full_history,58,0.3107713,0.7307556,16.1242867,0.0836881
LIBERO-90,L071,full_history,59,0.3150753,0.7257162,15.7724438,0.0874659
LIBERO-90,L071,full_history,60,0.3160041,0.7276524,15.6909103,0.0891208
LIBERO-90,L071,full_history,61,0.3170456,0.7251784,15.8012686,0.0904268
LIBERO-90,L071,full_history,62,0.3192957,0.7180165,15.6210842,0.0939886
LIBERO-90,L071,full_history,63,0.3230782,0.7147107,15.47649,0.0965229
LIBERO-90,L071,full_history,64,0.3214925,0.7146062,15.3312635,0.0982037
LIBERO-90,L071,recap,1,0.049174,0.9567709,30.918911,0.0150163
LIBERO-90,L071,recap,2,0.0546093,0.9447728,28.9541798,0.0167899
LIBERO-90,L071,recap,3,0.0591023,0.9296007,26.6725998,0.0189213
LIBERO-90,L071,recap,4,0.0665474,0.9156139,24.8382111,0.0216959
LIBERO-90,L071,recap,5,0.0750811,0.9048918,23.653471,0.0242855
LIBERO-90,L071,recap,6,0.0834567,0.8941756,22.7249107,0.0268691
LIBERO-90,L071,recap,7,0.0901075,0.8852007,22.0553989,0.0289246
LIBERO-90,L071,recap,8,0.093725,0.8815185,21.6713734,0.0302583
LIBERO-90,L071,recap,9,0.0958055,0.8813804,21.4162521,0.0313014
LIBERO-90,L071,recap,10,0.0997986,0.882556,21.3480968,0.0316132
LIBERO-90,L071,recap,11,0.1026244,0.8785161,21.2785339,0.0321116
LIBERO-90,L071,recap,12,0.1060743,0.8727401,21.1305218,0.032772
LIBERO-90,L071,recap,13,0.1129786,0.8697236,21.0215473,0.0336766
LIBERO-90,L071,recap,14,0.1206136,0.8635789,20.7560654,0.036038
LIBERO-90,L071,recap,15,0.1295316,0.8496593,20.3697777,0.0386548
LIBERO-90,L071,recap,16,0.1394656,0.8362864,19.8061829,0.0419285
LIBERO-90,L071,recap,17,0.1501744,0.832244,19.3965034,0.0444743
LIBERO-90,L071,recap,18,0.1578874,0.8261397,19.0210609,0.04698
LIBERO-90,L071,recap,19,0.1654131,0.8200549,18.7150021,0.0492705
LIBERO-90,L071,recap,20,0.172254,0.8189258,18.5018272,0.0509752
LIBERO-90,L071,recap,21,0.1740678,0.819459,18.4622478,0.0519222
LIBERO-90,L071,recap,22,0.1773656,0.8203355,18.4624825,0.0527396
LIBERO-90,L071,recap,23,0.1812339,0.8219183,18.5869389,0.0519832
LIBERO-90,L071,recap,24,0.1824149,0.8221816,18.6365299,0.0518892
LIBERO-90,L071,recap,25,0.1829755,0.8214889,18.7040215,0.0515184
LIBERO-90,L071,recap,26,0.1835235,0.8229144,18.7715187,0.0511627
LIBERO-90,L071,recap,27,0.1861318,0.8227341,18.7178459,0.0513313
LIBERO-90,L071,recap,28,0.1903202,0.818987,18.4240875,0.0534058
LIBERO-90,L071,recap,29,0.1958889,0.8176218,18.1802406,0.0548958
LIBERO-90,L071,recap,30,0.1983051,0.8176411,18.1329308,0.0551555
LIBERO-90,L071,recap,31,0.2020845,0.8119193,17.8823509,0.0566447
LIBERO-90,L071,recap,32,0.2029654,0.8117105,17.5773182,0.0584825
LIBERO-90,L071,recap,33,0.2050401,0.8111362,17.3759689,0.0592073
LIBERO-90,L071,recap,34,0.2076921,0.8071477,17.34025,0.0595437
LIBERO-90,L071,recap,35,0.210147,0.8061112,17.3323631,0.0598418
LIBERO-90,L071,recap,36,0.2146634,0.8035949,17.3065968,0.06042
LIBERO-90,L071,recap,37,0.2184906,0.802259,17.2839203,0.0609991
LIBERO-90,L071,recap,38,0.2230774,0.8004661,17.2440453,0.0617559
LIBERO-90,L071,recap,39,0.2257317,0.7969381,17.2033062,0.0623861
LIBERO-90,L071,recap,40,0.2310694,0.792661,17.2077484,0.0628047
LIBERO-90,L071,recap,41,0.2342542,0.7908077,17.3076267,0.0625649
LIBERO-90,L071,recap,42,0.2405321,0.7907512,17.4573231,0.0619144
LIBERO-90,L071,recap,43,0.2482833,0.7826358,17.2882404,0.0633809
LIBERO-90,L071,recap,44,0.2570847,0.7784022,17.0671711,0.0650768
LIBERO-90,L071,recap,45,0.2635164,0.7700627,16.7462902,0.067941
LIBERO-90,L071,recap,46,0.2725493,0.7621335,16.4508591,0.0707607
LIBERO-90,L071,recap,47,0.2813117,0.7566374,16.3074703,0.0724964
LIBERO-90,L071,recap,48,0.2873373,0.7527673,16.2346382,0.0733843
LIBERO-90,L071,recap,49,0.2927205,0.7505692,16.1859875,0.0740172
LIBERO-90,L071,recap,50,0.2972385,0.7473727,16.0900154,0.0751244
LIBERO-90,L071,recap,51,0.300965,0.7427985,15.9626141,0.0768082
LIBERO-90,L071,recap,52,0.3037885,0.7427243,15.891839,0.0780291
LIBERO-90,L071,recap,53,0.3045511,0.7422315,15.8801641,0.0786709
LIBERO-90,L071,recap,54,0.303119,0.7413388,15.8846302,0.0794396
LIBERO-90,L071,recap,55,0.3016415,0.7439697,15.8488159,0.0805276
LIBERO-90,L071,recap,56,0.3050332,0.739002,15.6506166,0.0826106
LIBERO-90,L071,recap,57,0.3096174,0.7342752,15.4925537,0.0842989
LIBERO-90,L071,recap,58,0.3138021,0.7258554,15.2305517,0.0871527
LIBERO-90,L071,recap,59,0.3183638,0.7204463,14.9650087,0.0910479
LIBERO-90,L071,recap,60,0.3186784,0.7233637,14.91819,0.0915012
LIBERO-90,L071,recap,61,0.3199259,0.7212827,15.0343704,0.0921372
LIBERO-90,L071,recap,62,0.3229111,0.7132546,14.8625011,0.095518
LIBERO-90,L071,recap,63,0.3270985,0.7072326,14.7596636,0.0981043
LIBERO-90,L071,recap,64,0.3252994,0.7081872,14.6538877,0.0990435
LIBERO-90,L072,full_history,1,0.0608529,0.9333384,29.2007561,0.0184491
LIBERO-90,L072,full_history,2,0.0631516,0.924608,28.5805359,0.0192036
LIBERO-90,L072,full_history,3,0.0732135,0.9141489,27.4627457,0.0208552
LIBERO-90,L072,full_history,4,0.0833497,0.9057812,26.2981625,0.0229254
LIBERO-90,L072,full_history,5,0.0930353,0.8995985,25.9900436,0.0237643
LIBERO-90,L072,full_history,6,0.1009688,0.8930598,25.3512383,0.0240838
LIBERO-90,L072,full_history,7,0.1029319,0.8901619,25.5087471,0.0239784
LIBERO-90,L072,full_history,8,0.1095203,0.8843086,24.7356701,0.0251879
LIBERO-90,L072,full_history,9,0.1117126,0.8826901,24.521019,0.0263748
LIBERO-90,L072,full_history,10,0.1171237,0.8800054,23.5746365,0.0284305
LIBERO-90,L072,full_history,11,0.1208207,0.8811024,23.4533024,0.0283494
LIBERO-90,L072,full_history,12,0.1296992,0.8773455,23.1495476,0.0299934
LIBERO-90,L072,full_history,13,0.1347463,0.8716536,22.508419,0.0328837
LIBERO-90,L072,full_history,14,0.1395085,0.8696566,22.1376438,0.0342273
LIBERO-90,L072,full_history,15,0.1442158,0.8636262,21.7680702,0.0364118
LIBERO-90,L072,full_history,16,0.1507235,0.8608684,21.8595963,0.036017
LIBERO-90,L072,full_history,17,0.1524792,0.8649346,21.8841171,0.0366367
LIBERO-90,L072,full_history,18,0.1666636,0.8599523,21.5373535,0.0390875
LIBERO-90,L072,full_history,19,0.1699226,0.8530006,21.4115505,0.039863
LIBERO-90,L072,full_history,20,0.1766568,0.8508638,21.1870308,0.0413727
LIBERO-90,L072,full_history,21,0.1775703,0.855179,21.5098915,0.0398436
LIBERO-90,L072,full_history,22,0.1847216,0.852533,21.6484108,0.039193
LIBERO-90,L072,full_history,23,0.196071,0.8403946,21.5368042,0.043192
LIBERO-90,L072,full_history,24,0.1995312,0.8380564,20.8408623,0.0470591
LIBERO-90,L072,full_history,25,0.2010832,0.8341854,20.7829838,0.046901
LIBERO-90,L072,full_history,26,0.2005276,0.8318863,20.9634304,0.046754
LIBERO-90,L072,full_history,27,0.2035077,0.8317314,21.1231136,0.0461273
LIBERO-90,L072,full_history,28,0.2078232,0.8297738,21.0897331,0.0459772
LIBERO-90,L072,full_history,29,0.2118287,0.8292985,20.9817848,0.0459847
LIBERO-90,L072,full_history,30,0.2179998,0.8239508,20.6130447,0.0467017
LIBERO-90,L072,full_history,31,0.2210227,0.8213257,20.3316517,0.0465576
LIBERO-90,L072,full_history,32,0.2263238,0.8172905,19.9883575,0.0480365
LIBERO-90,L072,full_history,33,0.2306362,0.8141207,19.7614365,0.0488698
LIBERO-90,L072,full_history,34,0.2327216,0.8149756,19.6541729,0.0500095
LIBERO-90,L072,full_history,35,0.2357381,0.8172947,19.535902,0.0509216
LIBERO-90,L072,full_history,36,0.2422386,0.8125054,19.2660484,0.0531783
LIBERO-90,L072,full_history,37,0.244374,0.8071895,18.993494,0.0553827
LIBERO-90,L072,full_history,38,0.2459189,0.8062441,18.8528843,0.0566001
LIBERO-90,L072,full_history,39,0.2484031,0.8041752,18.7677441,0.0581314
LIBERO-90,L072,full_history,40,0.2497989,0.8005757,18.7018223,0.0587755
LIBERO-90,L072,full_history,41,0.252477,0.799015,18.6711254,0.0598105
LIBERO-90,L072,full_history,42,0.2567677,0.7941998,18.4655743,0.0618169
LIBERO-90,L072,full_history,43,0.2615639,0.7926003,18.3117924,0.0636115
LIBERO-90,L072,full_history,44,0.2640283,0.7903743,18.115324,0.0654426
LIBERO-90,L072,full_history,45,0.2668353,0.7846959,17.9285583,0.0674314
LIBERO-90,L072,full_history,46,0.2754405,0.776318,17.7915325,0.0679056
LIBERO-90,L072,full_history,47,0.2800904,0.7762833,17.3949471,0.0704404
LIBERO-90,L072,full_history,48,0.2842294,0.7724643,17.4955997,0.0695312
LIBERO-90,L072,full_history,49,0.2872623,0.7696236,17.6126709,0.0692254
LIBERO-90,L072,full_history,50,0.2905777,0.7626862,17.6669922,0.0687138
LIBERO-90,L072,full_history,51,0.2986697,0.746866,16.5481071,0.0778381
LIBERO-90,L072,full_history,52,0.3001442,0.7448167,16.2149277,0.0802352
LIBERO-90,L072,full_history,53,0.3058831,0.7358661,15.1756477,0.0868544
LIBERO-90,L072,full_history,54,0.3073648,0.7324668,14.6046343,0.0919357
LIBERO-90,L072,full_history,55,0.3081063,0.7303216,14.324625,0.0944163
LIBERO-90,L072,full_history,56,0.3110024,0.7321439,14.0266523,0.096988
LIBERO-90,L072,full_history,57,0.3132798,0.736981,13.8747988,0.097183
LIBERO-90,L072,full_history,58,0.314841,0.7295016,13.7051029,0.0978169
LIBERO-90,L072,full_history,59,0.3149985,0.7254905,13.5789433,0.0987633
LIBERO-90,L072,full_history,60,0.3141682,0.7302101,13.7344398,0.0961113
LIBERO-90,L072,full_history,61,0.3108003,0.7380134,13.8483658,0.0941767
LIBERO-90,L072,full_history,62,0.3108494,0.7369289,14.0404806,0.0933976
LIBERO-90,L072,full_history,63,0.3092633,0.7398649,14.4016056,0.091139
LIBERO-90,L072,full_history,64,0.3095979,0.73989,14.2619333,0.093633
LIBERO-90,L072,recap,1,0.0608529,0.9333384,29.2007561,0.0184491
LIBERO-90,L072,recap,2,0.0631516,0.924608,28.5805359,0.0192036
LIBERO-90,L072,recap,3,0.0732135,0.9141489,27.4627457,0.0208552
LIBERO-90,L072,recap,4,0.0833497,0.9057812,26.2981625,0.0229254
LIBERO-90,L072,recap,5,0.0930353,0.8995985,25.9900436,0.0237643
LIBERO-90,L072,recap,6,0.1009688,0.8930598,25.3512383,0.0240838
LIBERO-90,L072,recap,7,0.1029319,0.8901619,25.5087471,0.0239784
LIBERO-90,L072,recap,8,0.1089341,0.8833463,24.7268009,0.0252433
LIBERO-90,L072,recap,9,0.1133448,0.8795679,24.1328716,0.0267711
LIBERO-90,L072,recap,10,0.118642,0.8816231,23.6469746,0.0280787
LIBERO-90,L072,recap,11,0.1212201,0.8807315,23.9881516,0.0280531
LIBERO-90,L072,recap,12,0.1268439,0.8854127,24.1522026,0.0283161
LIBERO-90,L072,recap,13,0.1301322,0.8836281,24.2666264,0.0281499
LIBERO-90,L072,recap,14,0.1339408,0.8777439,23.8020363,0.0299731
LIBERO-90,L072,recap,15,0.1382097,0.8762694,23.6677017,0.031068
LIBERO-90,L072,recap,16,0.1451956,0.8720844,22.8238678,0.0338075
LIBERO-90,L072,recap,17,0.1511865,0.8704353,22.5544453,0.0356581
LIBERO-90,L072,recap,18,0.1564923,0.8663567,22.3833389,0.0365908
LIBERO-90,L072,recap,19,0.1589963,0.864023,22.9213829,0.034677
LIBERO-90,L072,recap,20,0.1630333,0.8624024,22.3630219,0.0367189
LIBERO-90,L072,recap,21,0.1675989,0.8602697,22.5291729,0.0362419
LIBERO-90,L072,recap,22,0.1687149,0.8575453,22.3850803,0.0357432
LIBERO-90,L072,recap,23,0.1696466,0.860891,22.2816124,0.0352748
LIBERO-90,L072,recap,24,0.1700994,0.8592004,21.9213295,0.0362972
LIBERO-90,L072,recap,25,0.1728175,0.8607513,21.7559052,0.0368651
LIBERO-90,L072,recap,26,0.1703162,0.862316,21.5018234,0.0366284
LIBERO-90,L072,recap,27,0.1731944,0.8601275,20.9853554,0.0377249
LIBERO-90,L072,recap,28,0.1760277,0.8570398,20.5493813,0.038892
LIBERO-90,L072,recap,29,0.1774069,0.8602849,21.3645725,0.0373333
LIBERO-90,L072,recap,30,0.1821213,0.859405,21.2401943,0.0374608
LIBERO-90,L072,recap,31,0.1853891,0.8591662,20.782505,0.0384938
LIBERO-90,L072,recap,32,0.1861289,0.8582217,20.4695873,0.0400036
LIBERO-90,L072,recap,33,0.1891904,0.8560385,20.1847038,0.0409907
LIBERO-90,L072,recap,34,0.191434,0.8564926,20.0713844,0.0414601
LIBERO-90,L072,recap,35,0.1977912,0.8545345,19.7673244,0.0426971
LIBERO-90,L072,recap,36,0.2053472,0.8513085,19.7458191,0.0432937
LIBERO-90,L072,recap,37,0.2101682,0.8452774,19.7060051,0.043851
LIBERO-90,L072,recap,38,0.2145162,0.8403457,19.7089367,0.0441918
LIBERO-90,L072,recap,39,0.2187413,0.8373579,19.7010784,0.0449804
LIBERO-90,L072,recap,40,0.2239611,0.8337916,19.6619129,0.0456444
LIBERO-90,L072,recap,41,0.2289453,0.8293953,19.5174656,0.0465432
LIBERO-90,L072,recap,42,0.2343783,0.8248155,19.3105316,0.0477812
LIBERO-90,L072,recap,43,0.238607,0.8227283,19.1895733,0.0488072
LIBERO-90,L072,recap,44,0.2421923,0.8203644,19.005434,0.0500942
LIBERO-90,L072,recap,45,0.2457581,0.8153735,18.7733059,0.0516145
LIBERO-90,L072,recap,46,0.2559668,0.8046032,18.4481716,0.0546437
LIBERO-90,L072,recap,47,0.2602753,0.8052712,17.894537,0.0578385
LIBERO-90,L072,recap,48,0.2649432,0.8015662,17.9499474,0.0578677
LIBERO-90,L072,recap,49,0.2685366,0.7988323,18.1166115,0.0576076
LIBERO-90,L072,recap,50,0.2721941,0.7912982,18.1624889,0.0579853
LIBERO-90,L072,recap,51,0.2808399,0.7723261,16.8564396,0.067784
LIBERO-90,L072,recap,52,0.2824024,0.7683797,16.4842491,0.0701997
LIBERO-90,L072,recap,53,0.2880097,0.760218,15.3670177,0.0764989
LIBERO-90,L072,recap,54,0.2887737,0.7571818,14.7649441,0.0809122
LIBERO-90,L072,recap,55,0.2905802,0.7544904,14.4737673,0.0833126
LIBERO-90,L072,recap,56,0.2936296,0.7570605,14.1832199,0.0857999
LIBERO-90,L072,recap,57,0.2962031,0.7621691,13.9923096,0.0864384
LIBERO-90,L072,recap,58,0.2981929,0.7550787,13.8007555,0.0877876
LIBERO-90,L072,recap,59,0.2975618,0.7513092,13.6831179,0.088061
LIBERO-90,L072,recap,60,0.296317,0.756321,13.8787451,0.084694
LIBERO-90,L072,recap,61,0.292495,0.7645127,14.0118675,0.0826092
LIBERO-90,L072,recap,62,0.2922407,0.7640182,14.2377768,0.08071
LIBERO-90,L072,recap,63,0.2912597,0.76768,14.6673965,0.0775022
LIBERO-90,L072,recap,64,0.2914061,0.7679191,14.5659866,0.0786402
LIBERO-90,L081,full_history,1,0.0501397,0.9495997,30.3422966,0.014523
LIBERO-90,L081,full_history,2,0.0533142,0.9432936,28.8741493,0.015405
LIBERO-90,L081,full_history,3,0.0576098,0.944258,29.1911697,0.0149282
LIBERO-90,L081,full_history,4,0.064308,0.9259127,26.1194782,0.0177604
LIBERO-90,L081,full_history,5,0.0770275,0.9048977,24.598011,0.0212145
LIBERO-90,L081,full_history,6,0.088244,0.8952379,23.3688354,0.0234972
LIBERO-90,L081,full_history,7,0.0953932,0.8829904,22.2383041,0.0267658
LIBERO-90,L081,full_history,8,0.1107754,0.8685645,21.5317841,0.0302231
LIBERO-90,L081,full_history,9,0.1285589,0.8517466,20.5716286,0.0350105
LIBERO-90,L081,full_history,10,0.1489544,0.8281656,19.053978,0.0431949
LIBERO-90,L081,full_history,11,0.1672492,0.8063904,18.1236591,0.050766
LIBERO-90,L081,full_history,12,0.1809643,0.7957386,17.7055378,0.0559294
LIBERO-90,L081,full_history,13,0.1905658,0.7869871,17.2910137,0.060405
LIBERO-90,L081,full_history,14,0.1988658,0.7804567,16.9415684,0.0650477
LIBERO-90,L081,full_history,15,0.2097532,0.7685085,16.542448,0.0693979
LIBERO-90,L081,full_history,16,0.2197793,0.7612509,16.1352425,0.0754218
LIBERO-90,L081,full_history,17,0.2362235,0.7514784,15.8127489,0.0784775
LIBERO-90,L081,full_history,18,0.2400355,0.7525406,15.723567,0.0814574
LIBERO-90,L081,full_history,19,0.2464991,0.7484459,15.7603359,0.0831672
LIBERO-90,L081,full_history,20,0.2518171,0.7453848,15.9964352,0.0824348
LIBERO-90,L081,full_history,21,0.2589351,0.740293,15.8989601,0.0850674
LIBERO-90,L081,full_history,22,0.2633294,0.7377042,15.3791094,0.0885945
LIBERO-90,L081,full_history,23,0.2671418,0.7428014,15.3174438,0.0897929
LIBERO-90,L081,full_history,24,0.2639554,0.7467315,15.212038,0.0889437
LIBERO-90,L081,full_history,25,0.260919,0.750168,15.3150578,0.0866277
LIBERO-90,L081,full_history,26,0.2589037,0.7518269,15.4652157,0.0853351
LIBERO-90,L081,full_history,27,0.251029,0.7586665,15.5908203,0.0832389
LIBERO-90,L081,full_history,28,0.2481304,0.7616602,15.7640476,0.0815294
LIBERO-90,L081,full_history,29,0.2482935,0.7626303,15.8228874,0.0817347
LIBERO-90,L081,full_history,30,0.2474115,0.7632966,15.8554783,0.0827034
LIBERO-90,L081,full_history,31,0.2422636,0.7619494,15.716732,0.0834946
LIBERO-90,L081,full_history,32,0.2415062,0.7620745,15.6879892,0.0841963
LIBERO-90,L081,full_history,33,0.2430785,0.7606829,15.6666555,0.0848518
LIBERO-90,L081,full_history,34,0.2445141,0.7599633,15.5994205,0.0854222
LIBERO-90,L081,full_history,35,0.2429942,0.760843,15.6113205,0.0852809
LIBERO-90,L081,full_history,36,0.2434301,0.7594638,15.6864634,0.0850537
LIBERO-90,L081,full_history,37,0.2474632,0.7554389,15.709713,0.0855821
LIBERO-90,L081,full_history,38,0.2500013,0.7531644,15.7028818,0.0855392
LIBERO-90,L081,full_history,39,0.2491255,0.7546621,15.7442942,0.0855653
LIBERO-90,L081,full_history,40,0.2432184,0.7606721,15.8180532,0.0838471
LIBERO-90,L081,full_history,41,0.244311,0.7608196,15.7922497,0.0836729
LIBERO-90,L081,full_history,42,0.244491,0.7607453,15.7312431,0.0838134
LIBERO-90,L081,full_history,43,0.2451371,0.7606199,15.7293558,0.0837932
LIBERO-90,L081,full_history,44,0.2461225,0.7597807,15.7146082,0.0837151
LIBERO-90,L081,full_history,45,0.2494494,0.7560456,15.649271,0.084577
LIBERO-90,L081,full_history,46,0.2543416,0.7524912,15.6542664,0.0863507
LIBERO-90,L081,full_history,47,0.2583474,0.7503972,15.5976524,0.0872488
LIBERO-90,L081,full_history,48,0.2644601,0.7474702,15.5466423,0.087909
LIBERO-90,L081,full_history,49,0.2670751,0.7463742,15.506649,0.0887919
LIBERO-90,L081,full_history,50,0.272121,0.7427078,15.5053139,0.089613
LIBERO-90,L081,full_history,51,0.2752516,0.7419533,15.4360495,0.0901139
LIBERO-90,L081,full_history,52,0.2747946,0.7426537,15.4586649,0.0883205
LIBERO-90,L081,full_history,53,0.2791632,0.7400853,15.3903999,0.0890675
LIBERO-90,L081,full_history,54,0.2832865,0.7361343,15.314764,0.0897411
LIBERO-90,L081,full_history,55,0.286803,0.7320163,15.1784029,0.0908143
LIBERO-90,L081,full_history,56,0.2897432,0.7278474,15.0054951,0.0928893
LIBERO-90,L081,full_history,57,0.2933107,0.721522,14.787075,0.0959921
LIBERO-90,L081,full_history,58,0.2963483,0.7190774,14.6732712,0.0975939
LIBERO-90,L081,full_history,59,0.29633,0.720483,14.6282492,0.097715
LIBERO-90,L081,full_history,60,0.2970277,0.7209517,14.3306274,0.1006644
LIBERO-90,L081,full_history,61,0.2974168,0.7135804,14.0981998,0.1040359
LIBERO-90,L081,full_history,62,0.2955347,0.7111054,13.9781914,0.1066748
LIBERO-90,L081,full_history,63,0.2939014,0.70818,13.8565121,0.1089428
LIBERO-90,L081,full_history,64,0.2898988,0.7146726,14.0159416,0.1073772
LIBERO-90,L081,recap,1,0.0498226,0.9513696,30.7874641,0.01412
LIBERO-90,L081,recap,2,0.0534551,0.943286,28.8199539,0.0157434
LIBERO-90,L081,recap,3,0.0587525,0.9430867,29.0080948,0.0150493
LIBERO-90,L081,recap,4,0.0656017,0.9238815,25.9361095,0.0182988
LIBERO-90,L081,recap,5,0.0767173,0.9069496,25.3403244,0.02047
LIBERO-90,L081,recap,6,0.0903849,0.8907109,23.2535725,0.0246572
LIBERO-90,L081,recap,7,0.0952626,0.8857709,23.0430984,0.0259756
LIBERO-90,L081,recap,8,0.1097085,0.8721147,22.0681591,0.0291101
LIBERO-90,L081,recap,9,0.1275012,0.8567033,20.5435181,0.0344347
LIBERO-90,L081,recap,10,0.1444049,0.8381354,18.9685326,0.0431629
LIBERO-90,L081,recap,11,0.1565244,0.8207399,18.2225456,0.0483427
LIBERO-90,L081,recap,12,0.1628548,0.8087836,18.0301991,0.0516093
LIBERO-90,L081,recap,13,0.1667644,0.801495,17.7744026,0.0543122
LIBERO-90,L081,recap,14,0.1697461,0.7979465,17.5818825,0.0568691
LIBERO-90,L081,recap,15,0.1814381,0.7915131,17.2108002,0.0605754
LIBERO-90,L081,recap,16,0.1861983,0.7833512,16.9346542,0.0629403
LIBERO-90,L081,recap,17,0.193738,0.7755377,16.4588051,0.0667219
LIBERO-90,L081,recap,18,0.196206,0.7758497,16.4619083,0.0675927
LIBERO-90,L081,recap,19,0.1983483,0.7703182,16.4212818,0.0674707
LIBERO-90,L081,recap,20,0.2037225,0.7688743,16.4521713,0.0676427
LIBERO-90,L081,recap,21,0.2095102,0.7628942,16.4756451,0.0671535
LIBERO-90,L081,recap,22,0.2119216,0.7674739,16.3835678,0.0676721
LIBERO-90,L081,recap,23,0.2111118,0.7673216,16.5114994,0.0668221
LIBERO-90,L081,recap,24,0.2085297,0.7673253,16.761261,0.0647707
LIBERO-90,L081,recap,25,0.2069236,0.7755374,17.0647354,0.0620137
LIBERO-90,L081,recap,26,0.2017161,0.7819822,17.464056,0.0588279
LIBERO-90,L081,recap,27,0.1913681,0.7924718,17.7563648,0.0558137
LIBERO-90,L081,recap,28,0.1855749,0.7969742,18.0330067,0.0539252
LIBERO-90,L081,recap,29,0.1841741,0.800559,18.1307297,0.0529952
LIBERO-90,L081,recap,30,0.180764,0.8030894,18.1860161,0.0522346
LIBERO-90,L081,recap,31,0.1801163,0.8039035,18.2072792,0.0520783
LIBERO-90,L081,recap,32,0.1800983,0.802933,18.1499748,0.0523329
LIBERO-90,L081,recap,33,0.1809154,0.802788,18.1179085,0.0526927
LIBERO-90,L081,recap,34,0.1819426,0.8026991,18.0271072,0.0530532
LIBERO-90,L081,recap,35,0.1816626,0.8023694,17.9473896,0.0534544
LIBERO-90,L081,recap,36,0.1805359,0.8024579,18.0065746,0.0531189
LIBERO-90,L081,recap,37,0.1797222,0.8028423,18.1174984,0.0525492
LIBERO-90,L081,recap,38,0.180333,0.8033733,18.1815376,0.0521708
LIBERO-90,L081,recap,39,0.1796927,0.8032736,18.2470207,0.0518991
LIBERO-90,L081,recap,40,0.1779812,0.8017589,18.2261696,0.052093
LIBERO-90,L081,recap,41,0.179047,0.8008216,18.2341938,0.0521415
LIBERO-90,L081,recap,42,0.179835,0.7994137,18.1633396,0.0526526
LIBERO-90,L081,recap,43,0.1827589,0.7967169,18.0777054,0.0534041
LIBERO-90,L081,recap,44,0.1854242,0.7939604,17.9584484,0.0542692
LIBERO-90,L081,recap,45,0.1910209,0.7903039,17.7438202,0.055911
LIBERO-90,L081,recap,46,0.1966241,0.7883694,17.4941101,0.0577689
LIBERO-90,L081,recap,47,0.2028497,0.7870063,17.2362404,0.0599949
LIBERO-90,L081,recap,48,0.2099924,0.783855,16.9907532,0.062095
LIBERO-90,L081,recap,49,0.2162763,0.7790525,16.7506237,0.0643759
LIBERO-90,L081,recap,50,0.2238236,0.7751285,16.6033058,0.0655958
LIBERO-90,L081,recap,51,0.2296462,0.7764416,16.4525909,0.0669932
LIBERO-90,L081,recap,52,0.2358566,0.7757255,16.3200493,0.0686027
LIBERO-90,L081,recap,53,0.242191,0.7685282,16.1056995,0.0705262
LIBERO-90,L081,recap,54,0.2467179,0.7591169,15.8502731,0.0726696
LIBERO-90,L081,recap,55,0.2506115,0.7527592,15.656641,0.0746133
LIBERO-90,L081,recap,56,0.2527702,0.7472028,15.4588242,0.0765933
LIBERO-90,L081,recap,57,0.2579961,0.7399006,15.1872339,0.0802186
LIBERO-90,L081,recap,58,0.2608447,0.7373608,15.0575018,0.0818145
LIBERO-90,L081,recap,59,0.2632466,0.7357251,14.9694052,0.0831122
LIBERO-90,L081,recap,60,0.2657847,0.7322901,14.5350943,0.0872916
LIBERO-90,L081,recap,61,0.2676023,0.7274854,14.4147701,0.0892022
LIBERO-90,L081,recap,62,0.2650292,0.7294645,14.3837719,0.090527
LIBERO-90,L081,recap,63,0.2631585,0.727697,14.2410736,0.0933703
LIBERO-90,L081,recap,64,0.2597585,0.7293888,14.3745384,0.0926701
LIBERO-90,L082,full_history,1,0.0438499,0.962635,31.7838631,0.0110489
LIBERO-90,L082,full_history,2,0.0490442,0.9542137,29.7150326,0.0125463
LIBERO-90,L082,full_history,3,0.0504864,0.947105,29.0693207,0.0132025
LIBERO-90,L082,full_history,4,0.0515978,0.9450652,28.2798214,0.014561
LIBERO-90,L082,full_history,5,0.0531695,0.9482399,29.4219208,0.0143134
LIBERO-90,L082,full_history,6,0.0540204,0.9445339,28.6702805,0.0157231
LIBERO-90,L082,full_history,7,0.0576165,0.9429572,28.3190899,0.0173187
LIBERO-90,L082,full_history,8,0.0638473,0.9351761,27.222168,0.0185312
LIBERO-90,L082,full_history,9,0.064576,0.9279503,26.5113525,0.0195954
LIBERO-90,L082,full_history,10,0.0749432,0.9081292,24.7721672,0.0216984
LIBERO-90,L082,full_history,11,0.0900332,0.8918558,23.3429241,0.0256482
LIBERO-90,L082,full_history,12,0.1020848,0.8828624,22.2664871,0.02895
LIBERO-90,L082,full_history,13,0.1110267,0.8748966,21.1413269,0.0332792
LIBERO-90,L082,full_history,14,0.1205049,0.8673967,20.4459572,0.0361658
LIBERO-90,L082,full_history,15,0.1296292,0.8662425,20.1650505,0.0398326
LIBERO-90,L082,full_history,16,0.1371703,0.8530267,19.5948009,0.0445337
LIBERO-90,L082,full_history,17,0.1438556,0.8454438,19.4025364,0.0464105
LIBERO-90,L082,full_history,18,0.1482235,0.8436954,19.2910614,0.0480158
LIBERO-90,L082,full_history,19,0.1550179,0.8432409,19.2469902,0.0491635
LIBERO-90,L082,full_history,20,0.1550188,0.8412173,19.1639709,0.0496093
LIBERO-90,L082,full_history,21,0.1605282,0.8412006,19.1965656,0.0503554
LIBERO-90,L082,full_history,22,0.1622864,0.8498521,19.1774025,0.0478878
LIBERO-90,L082,full_history,23,0.1608216,0.8498486,18.8023148,0.0502406
LIBERO-90,L082,full_history,24,0.1620651,0.8501386,18.7374058,0.0503177
LIBERO-90,L082,full_history,25,0.1627371,0.8490648,18.7444115,0.0508162
LIBERO-90,L082,full_history,26,0.1647565,0.84762,18.6751213,0.0520552
LIBERO-90,L082,full_history,27,0.1664633,0.847562,18.7955647,0.0512913
LIBERO-90,L082,full_history,28,0.1685379,0.8472518,18.7978764,0.0512532
LIBERO-90,L082,full_history,29,0.1661528,0.8489738,18.8708096,0.0507604
LIBERO-90,L082,full_history,30,0.1671098,0.8495091,18.8286991,0.0513653
LIBERO-90,L082,full_history,31,0.1652596,0.8482333,18.786026,0.051668
LIBERO-90,L082,full_history,32,0.1646223,0.848304,18.8167381,0.0512404
LIBERO-90,L082,full_history,33,0.1643668,0.8474557,18.7841473,0.0514863
LIBERO-90,L082,full_history,34,0.1625607,0.8496241,19.0535641,0.0490355
LIBERO-90,L082,full_history,35,0.1644748,0.8476444,19.0784111,0.0501651
LIBERO-90,L082,full_history,36,0.1643174,0.8473309,19.0440388,0.0499168
LIBERO-90,L082,full_history,37,0.1655821,0.8480998,19.0638256,0.0490791
LIBERO-90,L082,full_history,38,0.1688821,0.8459412,18.8772736,0.0505598
LIBERO-90,L082,full_history,39,0.1704095,0.8426386,18.7111397,0.0514144
LIBERO-90,L082,full_history,40,0.1752415,0.8374544,18.4489212,0.0533398
LIBERO-90,L082,full_history,41,0.1768375,0.8344101,18.1612129,0.0544219
LIBERO-90,L082,full_history,42,0.1828304,0.8310856,17.7850399,0.0565768
LIBERO-90,L082,full_history,43,0.186834,0.8262562,17.490303,0.0587184
LIBERO-90,L082,full_history,44,0.1915169,0.8204689,17.2831459,0.0614094
LIBERO-90,L082,full_history,45,0.1950432,0.8150396,17.0703144,0.0632409
LIBERO-90,L082,full_history,46,0.2014903,0.8098011,16.8032513,0.0662109
LIBERO-90,L082,full_history,47,0.2079883,0.8026688,16.5465946,0.069659
LIBERO-90,L082,full_history,48,0.2138686,0.7895017,16.0256405,0.0755283
LIBERO-90,L082,full_history,49,0.2192628,0.7807994,15.4737644,0.0818416
LIBERO-90,L082,full_history,50,0.2268532,0.7718526,15.0403976,0.0868205
LIBERO-90,L082,full_history,51,0.2335933,0.7656863,14.7077703,0.0917198
LIBERO-90,L082,full_history,52,0.2377812,0.7634317,14.5018101,0.0942417
LIBERO-90,L082,full_history,53,0.2428078,0.7606672,14.2747383,0.0972876
LIBERO-90,L082,full_history,54,0.2488585,0.7569687,14.1178999,0.0999715
LIBERO-90,L082,full_history,55,0.2530566,0.7508025,14.0155964,0.10186
LIBERO-90,L082,full_history,56,0.2566705,0.7514532,13.9154186,0.1031559
LIBERO-90,L082,full_history,57,0.2593873,0.7513743,13.919898,0.1043351
LIBERO-90,L082,full_history,58,0.2643053,0.7475638,13.8253651,0.1058182
LIBERO-90,L082,full_history,59,0.2679136,0.7420878,13.7421618,0.1077294
LIBERO-90,L082,full_history,60,0.2729933,0.7355059,13.6596527,0.1101467
LIBERO-90,L082,full_history,61,0.2754658,0.7359691,13.8054943,0.1092956
LIBERO-90,L082,full_history,62,0.2778745,0.7335862,13.9976158,0.1061984
LIBERO-90,L082,full_history,63,0.2784643,0.7383417,14.222229,0.1027478
LIBERO-90,L082,full_history,64,0.28319,0.7381825,14.410533,0.1001407
LIBERO-90,L082,recap,1,0.0453274,0.96099,31.4983864,0.011117
LIBERO-90,L082,recap,2,0.0496557,0.9538484,29.7213268,0.0123746
LIBERO-90,L082,recap,3,0.0500799,0.950195,29.5971127,0.0126511
LIBERO-90,L082,recap,4,0.0510834,0.9494812,29.2205906,0.0138804
LIBERO-90,L082,recap,5,0.0524027,0.952141,29.8660851,0.014096
LIBERO-90,L082,recap,6,0.0528315,0.9475715,29.1699982,0.015612
LIBERO-90,L082,recap,7,0.0535897,0.9481634,29.3490829,0.0159954
LIBERO-90,L082,recap,8,0.0633252,0.9338658,27.1948605,0.0187859
LIBERO-90,L082,recap,9,0.0641715,0.9403228,28.4111214,0.01835
LIBERO-90,L082,recap,10,0.0670747,0.9323526,27.4673805,0.0185687
LIBERO-90,L082,recap,11,0.0711314,0.9320504,27.2343655,0.019139
LIBERO-90,L082,recap,12,0.0729868,0.9299585,27.4052353,0.0191449
LIBERO-90,L082,recap,13,0.0761179,0.9137138,25.6816521,0.021666
LIBERO-90,L082,recap,14,0.0805629,0.9160395,25.524786,0.0234569
LIBERO-90,L082,recap,15,0.0850147,0.9099336,25.0687199,0.0237752
LIBERO-90,L082,recap,16,0.0901011,0.902524,24.2129116,0.0247622
LIBERO-90,L082,recap,17,0.0889258,0.9073466,24.6499596,0.0238027
LIBERO-90,L082,recap,18,0.088209,0.9031755,24.4705505,0.0242143
LIBERO-90,L082,recap,19,0.0930589,0.8934797,23.8488426,0.0269717
LIBERO-90,L082,recap,20,0.0972863,0.8865895,23.5855713,0.0269113
LIBERO-90,L082,recap,21,0.104376,0.8859524,23.170105,0.0280335
LIBERO-90,L082,recap,22,0.1064356,0.8849342,23.02314,0.0286433
LIBERO-90,L082,recap,23,0.1113242,0.8775616,22.8333931,0.029031
LIBERO-90,L082,recap,24,0.1068292,0.8772966,23.061657,0.0281219
LIBERO-90,L082,recap,25,0.10694,0.8808404,23.0142746,0.0282339
LIBERO-90,L082,recap,26,0.1083362,0.8812153,23.0620575,0.0281014
LIBERO-90,L082,recap,27,0.1052727,0.8841771,23.3250637,0.0274465
LIBERO-90,L082,recap,28,0.1030904,0.8866801,23.5527191,0.0268536
LIBERO-90,L082,recap,29,0.1005847,0.8898876,23.8947372,0.0259859
LIBERO-90,L082,recap,30,0.0995592,0.890358,24.0692444,0.0253637
LIBERO-90,L082,recap,31,0.0993317,0.8925589,24.3798218,0.0247366
LIBERO-90,L082,recap,32,0.1002949,0.8908363,24.4925194,0.0245658
LIBERO-90,L082,recap,33,0.0997424,0.8908496,24.5487099,0.0242742
LIBERO-90,L082,recap,34,0.1007354,0.8903434,24.4955215,0.0243207
LIBERO-90,L082,recap,35,0.1007368,0.8885021,24.4329739,0.0243359
LIBERO-90,L082,recap,36,0.1002406,0.8872895,24.3029232,0.024545
LIBERO-90,L082,recap,37,0.1034219,0.8852525,24.0588989,0.0250415
LIBERO-90,L082,recap,38,0.1038615,0.8815706,23.6417027,0.0262532
LIBERO-90,L082,recap,39,0.1072843,0.880371,23.5849667,0.0263334
LIBERO-90,L082,recap,40,0.1097468,0.877698,23.3694057,0.0270221
LIBERO-90,L082,recap,41,0.1141825,0.8692848,22.6136684,0.0292595
LIBERO-90,L082,recap,42,0.1242521,0.8654404,22.3364868,0.0299947
LIBERO-90,L082,recap,43,0.1254284,0.8596529,21.9029655,0.0314278
LIBERO-90,L082,recap,44,0.1287771,0.8565235,21.8173409,0.0323785
LIBERO-90,L082,recap,45,0.1338722,0.8489731,21.1219444,0.0351337
LIBERO-90,L082,recap,46,0.1387329,0.8429547,20.9220867,0.0364747
LIBERO-90,L082,recap,47,0.1524199,0.8314934,20.3799706,0.0386793
LIBERO-90,L082,recap,48,0.162847,0.8163466,19.4121284,0.0449637
LIBERO-90,L082,recap,49,0.1729228,0.8058854,18.08325,0.0525476
LIBERO-90,L082,recap,50,0.1846161,0.7956563,17.1991959,0.0587874
LIBERO-90,L082,recap,51,0.1916801,0.7896138,16.6062508,0.0627715
LIBERO-90,L082,recap,52,0.1970705,0.785724,16.2567539,0.0665759
LIBERO-90,L082,recap,53,0.2037337,0.7766078,15.8391809,0.0706846
LIBERO-90,L082,recap,54,0.2081204,0.775319,15.6393127,0.0729756
LIBERO-90,L082,recap,55,0.2171007,0.7637004,15.5090895,0.0759274
LIBERO-90,L082,recap,56,0.217716,0.7656391,15.4434834,0.0771068
LIBERO-90,L082,recap,57,0.219282,0.7632964,15.4048805,0.0774937
LIBERO-90,L082,recap,58,0.2236142,0.7549686,15.18993,0.0799005
LIBERO-90,L082,recap,59,0.2286203,0.7474375,15.0537539,0.0817883
LIBERO-90,L082,recap,60,0.2342432,0.7394127,14.9479065,0.0843665
LIBERO-90,L082,recap,61,0.2381763,0.7380567,15.0215034,0.0848264
LIBERO-90,L082,recap,62,0.2392903,0.7367936,15.1665936,0.0824859
LIBERO-90,L082,recap,63,0.2408045,0.7371193,15.5011196,0.0789195
LIBERO-90,L082,recap,64,0.2411647,0.736661,15.5252094,0.0784621
LIBERO-90,L091,full_history,1,0.0498453,0.949253,30.8492107,0.0140117
LIBERO-90,L091,full_history,2,0.0541091,0.9355928,29.0848904,0.0154778
LIBERO-90,L091,full_history,3,0.056175,0.9356064,28.5242767,0.0161421
LIBERO-90,L091,full_history,4,0.0606333,0.9226845,27.0341454,0.0175961
LIBERO-90,L091,full_history,5,0.0681133,0.9142272,26.1222687,0.0184826
LIBERO-90,L091,full_history,6,0.0724176,0.9131303,26.0911331,0.01876
LIBERO-90,L091,full_history,7,0.0780168,0.9046206,25.6425953,0.0203278
LIBERO-90,L091,full_history,8,0.080775,0.9056482,25.6429482,0.0201662
LIBERO-90,L091,full_history,9,0.0806313,0.9056543,25.8382969,0.0205476
LIBERO-90,L091,full_history,10,0.086011,0.8941499,25.1998119,0.0224912
LIBERO-90,L091,full_history,11,0.0956306,0.8788794,24.1452522,0.0251754
LIBERO-90,L091,full_history,12,0.1017572,0.8704278,23.4956131,0.0267529
LIBERO-90,L091,full_history,13,0.1055914,0.8658466,22.9622746,0.0288231
LIBERO-90,L091,full_history,14,0.109394,0.8630294,22.5756607,0.0327264
LIBERO-90,L091,full_history,15,0.112332,0.8629683,22.4846172,0.0324914
LIBERO-90,L091,full_history,16,0.1155653,0.8586271,21.9689293,0.0371543
LIBERO-90,L091,full_history,17,0.1225914,0.8504203,21.5754662,0.0393251
LIBERO-90,L091,full_history,18,0.1296885,0.8444129,21.1850433,0.0423944
LIBERO-90,L091,full_history,19,0.1368353,0.8398732,20.9246845,0.0454824
LIBERO-90,L091,full_history,20,0.1439645,0.8343447,20.0253944,0.0489249
LIBERO-90,L091,full_history,21,0.1442199,0.8342033,19.853323,0.0504181
LIBERO-90,L091,full_history,22,0.1427514,0.8378015,19.8897591,0.0514603
LIBERO-90,L091,full_history,23,0.1396615,0.8386282,19.835228,0.0525244
LIBERO-90,L091,full_history,24,0.1389603,0.8390596,19.8217945,0.0524167
LIBERO-90,L091,full_history,25,0.138184,0.8402831,19.8322735,0.0528585
LIBERO-90,L091,full_history,26,0.1367008,0.841785,19.9325504,0.0528521
LIBERO-90,L091,full_history,27,0.1351577,0.840688,19.9665947,0.0524082
LIBERO-90,L091,full_history,28,0.1321353,0.8400984,20.0596581,0.0521059
LIBERO-90,L091,full_history,29,0.1287176,0.8401782,20.1936817,0.0513972
LIBERO-90,L091,full_history,30,0.1272535,0.8454186,20.3198833,0.0511878
LIBERO-90,L091,full_history,31,0.1260684,0.8445215,20.4231167,0.0498792
LIBERO-90,L091,full_history,32,0.1205974,0.8436483,20.7122631,0.0470264
LIBERO-90,L091,full_history,33,0.1141133,0.850736,21.2187805,0.0446618
LIBERO-90,L091,full_history,34,0.114091,0.8553482,21.937912,0.0429349
LIBERO-90,L091,full_history,35,0.0975814,0.8652281,23.0621357,0.0396618
LIBERO-90,L091,full_history,36,0.0870205,0.8901548,24.7392998,0.0341425
LIBERO-90,L091,full_history,37,0.0825704,0.900818,25.7640553,0.0302435
LIBERO-90,L091,full_history,38,0.0911983,0.8809016,24.2396278,0.0339716
LIBERO-90,L091,full_history,39,0.1084747,0.8569827,22.3739166,0.039574
LIBERO-90,L091,full_history,40,0.1223603,0.8517237,21.3149261,0.0430663
LIBERO-90,L091,full_history,41,0.1320033,0.8504519,20.7690582,0.0444683
LIBERO-90,L091,full_history,42,0.141468,0.8476136,20.4977112,0.0448246
LIBERO-90,L091,full_history,43,0.1460123,0.8492892,20.4771118,0.0448659
LIBERO-90,L091,full_history,44,0.1467948,0.847017,20.341629,0.0453004
LIBERO-90,L091,full_history,45,0.1491422,0.8447138,20.2367439,0.0441375
LIBERO-90,L091,full_history,46,0.1501343,0.8456309,20.1741199,0.0435219
LIBERO-90,L091,full_history,47,0.1518673,0.8470933,20.1395588,0.0426336
LIBERO-90,L091,full_history,48,0.1550337,0.8491269,20.1721878,0.0434722
LIBERO-90,L091,full_history,49,0.1549901,0.8505884,20.1745987,0.0432954
LIBERO-90,L091,full_history,50,0.1538106,0.850571,20.1328259,0.0434429
LIBERO-90,L091,full_history,51,0.1536287,0.8487085,20.0735474,0.043988
LIBERO-90,L091,full_history,52,0.1535672,0.8489302,20.0010033,0.0442833
LIBERO-90,L091,full_history,53,0.1525757,0.8488961,19.9775085,0.0448345
LIBERO-90,L091,full_history,54,0.1528847,0.8486916,19.948719,0.0445818
LIBERO-90,L091,full_history,55,0.1513837,0.8478749,19.94767,0.0447202
LIBERO-90,L091,full_history,56,0.1514181,0.8482299,19.927187,0.044654
LIBERO-90,L091,full_history,57,0.1498391,0.8490068,19.8982258,0.0453492
LIBERO-90,L091,full_history,58,0.1517842,0.84984,19.9394627,0.045975
LIBERO-90,L091,full_history,59,0.1505474,0.8501146,19.9175243,0.0466112
LIBERO-90,L091,full_history,60,0.1502432,0.8501348,19.9354725,0.0469799
LIBERO-90,L091,full_history,61,0.1508776,0.8497397,19.8497925,0.0471017
LIBERO-90,L091,full_history,62,0.1517934,0.849505,19.807972,0.0479106
LIBERO-90,L091,full_history,63,0.1521954,0.8507058,19.7983761,0.0476848
LIBERO-90,L091,full_history,64,0.1526898,0.849896,19.716465,0.0487725
LIBERO-90,L091,recap,1,0.0498453,0.949253,30.8492107,0.0140117
LIBERO-90,L091,recap,2,0.0541091,0.9355928,29.0848904,0.0154778
LIBERO-90,L091,recap,3,0.056175,0.9356064,28.5242767,0.0161421
LIBERO-90,L091,recap,4,0.0606333,0.9226845,27.0341454,0.0175961
LIBERO-90,L091,recap,5,0.0681133,0.9142272,26.1222687,0.0184826
LIBERO-90,L091,recap,6,0.0724176,0.9131303,26.0911331,0.01876
LIBERO-90,L091,recap,7,0.0780168,0.9046206,25.6425953,0.0203278
LIBERO-90,L091,recap,8,0.0820554,0.9043597,25.4735909,0.0205557
LIBERO-90,L091,recap,9,0.0856379,0.8924826,25.0303268,0.0219195
LIBERO-90,L091,recap,10,0.092282,0.8876742,24.9117107,0.0230687
LIBERO-90,L091,recap,11,0.0948635,0.884506,24.6686192,0.0235406
LIBERO-90,L091,recap,12,0.0959774,0.8847218,24.8355656,0.0235768
LIBERO-90,L091,recap,13,0.0975059,0.8840953,24.9146385,0.0240211
LIBERO-90,L091,recap,14,0.0970246,0.8830872,24.9090042,0.0242491
LIBERO-90,L091,recap,15,0.0980032,0.8822298,24.7633095,0.0246028
LIBERO-90,L091,recap,16,0.1013641,0.8786568,24.4560413,0.0253065
LIBERO-90,L091,recap,17,0.1019417,0.8771932,24.2070599,0.0257884
LIBERO-90,L091,recap,18,0.1029105,0.8754911,23.8443108,0.0265526
LIBERO-90,L091,recap,19,0.1043843,0.8734553,23.6434364,0.0271462
LIBERO-90,L091,recap,20,0.1041256,0.8705214,23.3372345,0.0281905
LIBERO-90,L091,recap,21,0.1061319,0.8678431,23.1290627,0.0287143
LIBERO-90,L091,recap,22,0.1065441,0.8671224,23.0563374,0.0288513
LIBERO-90,L091,recap,23,0.1054136,0.8671515,23.0442333,0.0283491
LIBERO-90,L091,recap,24,0.1035398,0.8677204,23.115612,0.0279869
LIBERO-90,L091,recap,25,0.1021429,0.8693706,23.3213844,0.0273685
LIBERO-90,L091,recap,26,0.1008064,0.8695675,23.4063358,0.0267916
LIBERO-90,L091,recap,27,0.0966413,0.8701583,23.5367107,0.0265856
LIBERO-90,L091,recap,28,0.0937514,0.8735886,23.6170959,0.0260867
LIBERO-90,L091,recap,29,0.0916589,0.8733754,23.7060566,0.0261871
LIBERO-90,L091,recap,30,0.0916244,0.8737257,23.9682007,0.0252616
LIBERO-90,L091,recap,31,0.0913634,0.8792391,24.0352154,0.0242101
LIBERO-90,L091,recap,32,0.0857936,0.8879536,25.0762062,0.0221227
LIBERO-90,L091,recap,33,0.0804,0.8977886,25.8195782,0.0207447
LIBERO-90,L091,recap,34,0.0836084,0.8957259,25.5101223,0.0211041
LIBERO-90,L091,recap,35,0.0817816,0.8980548,25.9749012,0.0203982
LIBERO-90,L091,recap,36,0.082503,0.9081653,26.9198132,0.0195445
LIBERO-90,L091,recap,37,0.0771619,0.9209434,27.6971855,0.0172559
LIBERO-90,L091,recap,38,0.0810739,0.907381,26.5070038,0.0189383
LIBERO-90,L091,recap,39,0.0851071,0.9092266,26.5332813,0.0185868
LIBERO-90,L091,recap,40,0.0917517,0.8984094,25.6991405,0.020022
LIBERO-90,L091,recap,41,0.0921279,0.8993076,26.583374,0.0187307
LIBERO-90,L091,recap,42,0.1006407,0.8928682,26.3830338,0.0195243
LIBERO-90,L091,recap,43,0.098482,0.8983053,26.90481,0.0190042
LIBERO-90,L091,recap,44,0.1050313,0.8993351,26.9103584,0.0193153
LIBERO-90,L091,recap,45,0.1057699,0.8933333,26.0296917,0.0200669
LIBERO-90,L091,recap,46,0.1100202,0.8942046,26.0923882,0.020158
LIBERO-90,L091,recap,47,0.1121225,0.8943832,25.7795258,0.0204841
LIBERO-90,L091,recap,48,0.1162354,0.8935986,25.9752007,0.0206076
LIBERO-90,L091,recap,49,0.1188399,0.894859,26.1090088,0.0199326
LIBERO-90,L091,recap,50,0.1175661,0.8967451,26.2109604,0.0195303
LIBERO-90,L091,recap,51,0.1180225,0.8929256,26.1878433,0.0193818
LIBERO-90,L091,recap,52,0.1201541,0.8918078,25.9738197,0.0197944
LIBERO-90,L091,recap,53,0.1178243,0.89409,26.3649464,0.0192585
LIBERO-90,L091,recap,54,0.121638,0.8925989,26.0288029,0.0196464
LIBERO-90,L091,recap,55,0.1199488,0.8941199,26.1243935,0.0196938
LIBERO-90,L091,recap,56,0.1226784,0.8939873,25.8056431,0.0201302
LIBERO-90,L091,recap,57,0.1231878,0.8924419,25.4928665,0.0206164
LIBERO-90,L091,recap,58,0.1263834,0.8933879,25.5550938,0.0204883
LIBERO-90,L091,recap,59,0.1270187,0.8928602,25.3249531,0.0208187
LIBERO-90,L091,recap,60,0.1262007,0.8920983,25.1335907,0.021209
LIBERO-90,L091,recap,61,0.1283797,0.8913553,24.9184074,0.0215541
LIBERO-90,L091,recap,62,0.1301875,0.8912174,24.7133541,0.0218936
LIBERO-90,L091,recap,63,0.1297983,0.8901482,24.5233345,0.0222293
LIBERO-90,L091,recap,64,0.1316657,0.8894359,24.3269005,0.0225502
LIBERO-90,L092,full_history,1,0.0499389,0.9367875,29.1409569,0.0144945
LIBERO-90,L092,full_history,2,0.052772,0.9302039,28.402092,0.0154345
LIBERO-90,L092,full_history,3,0.0568622,0.9240433,27.1933975,0.0177782
LIBERO-90,L092,full_history,4,0.05705,0.9299278,27.9330635,0.0167578
LIBERO-90,L092,full_history,5,0.0607023,0.927375,27.4409008,0.0168513
LIBERO-90,L092,full_history,6,0.0654875,0.9165713,26.7791481,0.018331
LIBERO-90,L092,full_history,7,0.0679605,0.9153491,27.296566,0.017926
LIBERO-90,L092,full_history,8,0.0737961,0.9130699,27.3164005,0.0182853
LIBERO-90,L092,full_history,9,0.0759977,0.9056705,26.6447182,0.0195282
LIBERO-90,L092,full_history,10,0.0860111,0.8945849,25.8672523,0.021147
LIBERO-90,L092,full_history,11,0.0904822,0.8843174,24.8503914,0.0229034
LIBERO-90,L092,full_history,12,0.0984077,0.8708821,23.959219,0.0251445
LIBERO-90,L092,full_history,13,0.1032681,0.8623585,23.2592735,0.0270635
LIBERO-90,L092,full_history,14,0.1090458,0.8555403,22.7190228,0.0296115
LIBERO-90,L092,full_history,15,0.1212784,0.8468085,22.3636589,0.0326895
LIBERO-90,L092,full_history,16,0.1247405,0.8443953,22.1162529,0.0360743
LIBERO-90,L092,full_history,17,0.1315999,0.8413756,21.9783173,0.0388234
LIBERO-90,L092,full_history,18,0.1333304,0.8414724,22.0508232,0.0376392
LIBERO-90,L092,full_history,19,0.139766,0.8412211,21.6093674,0.0396992
LIBERO-90,L092,full_history,20,0.1542326,0.833336,20.6528664,0.0439641
LIBERO-90,L092,full_history,21,0.1526262,0.8382003,20.8517189,0.0439479
LIBERO-90,L092,full_history,22,0.14901,0.8359973,20.139698,0.0477201
LIBERO-90,L092,full_history,23,0.1468483,0.840255,20.1197052,0.0476271
LIBERO-90,L092,full_history,24,0.1465849,0.8409764,20.0523186,0.0470935
LIBERO-90,L092,full_history,25,0.1467065,0.8411885,20.0678349,0.0479134
LIBERO-90,L092,full_history,26,0.1464993,0.8407916,20.0339241,0.0487704
LIBERO-90,L092,full_history,27,0.1455794,0.8402003,20.0290794,0.0488535
LIBERO-90,L092,full_history,28,0.1551924,0.8362566,20.0353432,0.0480395
LIBERO-90,L092,full_history,29,0.154195,0.8363281,19.9746323,0.0480895
LIBERO-90,L092,full_history,30,0.1480842,0.8386106,19.9810047,0.0483848
LIBERO-90,L092,full_history,31,0.1430686,0.84312,20.0798206,0.0471371
LIBERO-90,L092,full_history,32,0.1441081,0.8430312,20.0821838,0.0467865
LIBERO-90,L092,full_history,33,0.1445752,0.8430122,20.0527115,0.0469803
LIBERO-90,L092,full_history,34,0.1492286,0.8424359,20.0754547,0.0477524
LIBERO-90,L092,full_history,35,0.1450856,0.8422827,20.1175766,0.0461269
LIBERO-90,L092,full_history,36,0.1449674,0.8418818,20.096693,0.0458529
LIBERO-90,L092,full_history,37,0.145463,0.8418198,20.0212326,0.0472454
LIBERO-90,L092,full_history,38,0.1459952,0.8417988,20.0678711,0.0465708
LIBERO-90,L092,full_history,39,0.1471025,0.8403016,20.0162716,0.0470817
LIBERO-90,L092,full_history,40,0.1492115,0.836023,19.8665676,0.0480129
LIBERO-90,L092,full_history,41,0.1513468,0.8327848,19.847744,0.0486409
LIBERO-90,L092,full_history,42,0.1521055,0.8308074,19.709013,0.0485189
LIBERO-90,L092,full_history,43,0.1532114,0.8286618,19.658577,0.0485061
LIBERO-90,L092,full_history,44,0.1554892,0.8286319,19.7468872,0.0474611
LIBERO-90,L092,full_history,45,0.1554149,0.8278998,19.9045429,0.0453394
LIBERO-90,L092,full_history,46,0.1542514,0.8309824,20.116663,0.0441546
LIBERO-90,L092,full_history,47,0.1545244,0.8356258,20.3570595,0.0431914
LIBERO-90,L092,full_history,48,0.1571658,0.8336079,20.4517059,0.0419436
LIBERO-90,L092,full_history,49,0.159745,0.8354667,20.6659393,0.0411165
LIBERO-90,L092,full_history,50,0.1605989,0.8370116,20.7716217,0.0405913
LIBERO-90,L092,full_history,51,0.1615159,0.837694,20.7924747,0.0399912
LIBERO-90,L092,full_history,52,0.1635004,0.8393067,21.0473404,0.0391228
LIBERO-90,L092,full_history,53,0.1640902,0.8416744,21.1135845,0.0387924
LIBERO-90,L092,full_history,54,0.1642052,0.8439118,21.1861,0.0381649
LIBERO-90,L092,full_history,55,0.1659182,0.8446866,21.094429,0.0385937
LIBERO-90,L092,full_history,56,0.1663438,0.842626,20.8561668,0.0391456
LIBERO-90,L092,full_history,57,0.1650213,0.842034,20.6337643,0.039659
LIBERO-90,L092,full_history,58,0.1658558,0.8422887,20.6033306,0.039582
LIBERO-90,L092,full_history,59,0.1671937,0.8429313,20.274765,0.0408545
LIBERO-90,L092,full_history,60,0.166625,0.844314,20.1631908,0.0414278
LIBERO-90,L092,full_history,61,0.1668085,0.8443008,20.0995865,0.0417783
LIBERO-90,L092,full_history,62,0.1639749,0.8448974,19.9961071,0.042375
LIBERO-90,L092,full_history,63,0.1621512,0.8446895,19.9608383,0.0429645
LIBERO-90,L092,full_history,64,0.1619879,0.8450466,19.9319744,0.0431756
LIBERO-90,L092,recap,1,0.0499212,0.936806,29.1548843,0.0142092
LIBERO-90,L092,recap,2,0.0528503,0.9311143,28.4611549,0.0151265
LIBERO-90,L092,recap,3,0.0558659,0.9277308,27.6952629,0.0174176
LIBERO-90,L092,recap,4,0.0573533,0.9327253,28.2684021,0.0162256
LIBERO-90,L092,recap,5,0.0609044,0.9273296,27.4697266,0.0167884
LIBERO-90,L092,recap,6,0.0645819,0.9187479,27.1172371,0.0179339
LIBERO-90,L092,recap,7,0.0680132,0.9153972,27.4266434,0.0176321
LIBERO-90,L092,recap,8,0.0732985,0.9110132,27.3528137,0.0182538
LIBERO-90,L092,recap,9,0.0776368,0.9062454,26.790802,0.0190087
LIBERO-90,L092,recap,10,0.0799394,0.9006395,26.4570847,0.0194316
LIBERO-90,L092,recap,11,0.0887517,0.8851145,25.1931667,0.02171
LIBERO-90,L092,recap,12,0.0987111,0.8725593,24.1542397,0.0240682
LIBERO-90,L092,recap,13,0.1044928,0.8659979,23.5115509,0.0257648
LIBERO-90,L092,recap,14,0.1102911,0.8632796,23.0629711,0.0270987
LIBERO-90,L092,recap,15,0.1145288,0.8610941,22.7581673,0.0281438
LIBERO-90,L092,recap,16,0.1165094,0.8592944,22.52771,0.028906
LIBERO-90,L092,recap,17,0.1190621,0.8576899,22.3062515,0.0296092
LIBERO-90,L092,recap,18,0.1209298,0.8560405,22.1327381,0.0301428
LIBERO-90,L092,recap,19,0.1218674,0.8562812,21.9901733,0.0305784
LIBERO-90,L092,recap,20,0.1238783,0.85723,21.8939819,0.0308724
LIBERO-90,L092,recap,21,0.1247613,0.8577214,21.7620106,0.0313153
LIBERO-90,L092,recap,22,0.1256613,0.8575225,21.5815239,0.0318965
LIBERO-90,L092,recap,23,0.1259957,0.8570353,21.4390907,0.0322764
LIBERO-90,L092,recap,24,0.1269107,0.8565161,21.273201,0.0327475
LIBERO-90,L092,recap,25,0.1269477,0.8557949,21.1185417,0.0331446
LIBERO-90,L092,recap,26,0.1282893,0.8551622,20.9954033,0.0335422
LIBERO-90,L092,recap,27,0.1282368,0.8550646,20.8857613,0.0338831
LIBERO-90,L092,recap,28,0.1278944,0.8554227,20.8586998,0.033924
LIBERO-90,L092,recap,29,0.1279339,0.8553174,20.8214741,0.0340645
LIBERO-90,L092,recap,30,0.1271512,0.8552268,20.8254776,0.0340377
LIBERO-90,L092,recap,31,0.1272095,0.8552547,20.86446,0.0338852
LIBERO-90,L092,recap,32,0.1274732,0.8549553,20.8815098,0.0338835
LIBERO-90,L092,recap,33,0.1266254,0.8555641,20.9568634,0.0336203
LIBERO-90,L092,recap,34,0.1262718,0.8559654,21.0815926,0.0333162
LIBERO-90,L092,recap,35,0.1260373,0.8552952,21.186533,0.0330347
LIBERO-90,L092,recap,36,0.1254594,0.8548933,21.327219,0.0326856
LIBERO-90,L092,recap,37,0.1253529,0.8533183,21.2703438,0.0326926
LIBERO-90,L092,recap,38,0.1257148,0.8538589,21.5582237,0.0316788
LIBERO-90,L092,recap,39,0.12434,0.8510796,21.4559975,0.0323535
LIBERO-90,L092,recap,40,0.1256309,0.8516019,21.8186207,0.0315905
LIBERO-90,L092,recap,41,0.1298431,0.8505677,21.795414,0.0325984
LIBERO-90,L092,recap,42,0.1312699,0.8500281,21.6893082,0.0325019
LIBERO-90,L092,recap,43,0.1302216,0.8495405,21.6709042,0.0328582
LIBERO-90,L092,recap,44,0.1335186,0.8478384,21.3529129,0.034109
LIBERO-90,L092,recap,45,0.1377813,0.8455321,21.1081295,0.0344928
LIBERO-90,L092,recap,46,0.1399099,0.8453954,20.8063698,0.0351176
LIBERO-90,L092,recap,47,0.1382755,0.8485935,21.042654,0.0342204
LIBERO-90,L092,recap,48,0.1401765,0.849065,21.5699482,0.0324588
LIBERO-90,L092,recap,49,0.1459747,0.8513993,21.8904514,0.0317996
LIBERO-90,L092,recap,50,0.1440892,0.8548318,22.3742981,0.0293844
LIBERO-90,L092,recap,51,0.1460495,0.8622568,23.2901306,0.0271858
LIBERO-90,L092,recap,52,0.1473041,0.867474,23.7927666,0.0256872
LIBERO-90,L092,recap,53,0.1461545,0.8691053,24.1672134,0.0248095
LIBERO-90,L092,recap,54,0.1438814,0.8669955,24.0404663,0.0252552
LIBERO-90,L092,recap,55,0.1451509,0.866924,24.1956158,0.0247841
LIBERO-90,L092,recap,56,0.1419026,0.8715682,24.620573,0.0238004
LIBERO-90,L092,recap,57,0.1378684,0.8799192,25.1465206,0.0220585
LIBERO-90,L092,recap,58,0.1356687,0.8798254,25.2874222,0.0214356
LIBERO-90,L092,recap,59,0.1330416,0.8790095,25.1148834,0.0215209
LIBERO-90,L092,recap,60,0.1346415,0.880706,25.1079865,0.0213518
LIBERO-90,L092,recap,61,0.1386279,0.8767185,24.9016361,0.0216351
LIBERO-90,L092,recap,62,0.1367933,0.876976,24.8084164,0.0216156
LIBERO-90,L092,recap,63,0.1370596,0.8777561,24.606514,0.0219165
LIBERO-90,L092,recap,64,0.1381008,0.8791622,24.4630623,0.0221424
